year,기업명,stock_gr(주가수익율),sale_gr(매출증가율),debt_gr(부채증가율),profit_gr(이익증가율),매출*이익,D.KOSPI,거래시장
2021,강원에너지,0.0,17.6,-8.9,33.8,596.4,0,코스닥
2021,에치에프알,5.6,80.0,38.7,33.4,2669.7,0,코스닥
2021,금호석유,14.5,72.6,23.0,33.1,2405.6,1,유가증권시장
2021,제이시스메디칼,77.0,85.4,10.7,32.1,2743.2,0,코스닥
2021,아스타,-7.2,15.7,3.5,31.1,488.0,0,코스닥
2021,신라젠,0.0,-3.0,4.7,29.2,-87.2,0,코스닥
2021,피엔에이치테크,254.2,87.4,18.3,28.1,2458.9,0,코스닥
2021,F&F홀딩스,-21.1,86.4,40.6,27.8,2402.2,1,유가증권시장
2021,포스코스틸리온,216.1,90.6,1.2,26.0,2359.1,1,유가증권시장
2021,썸에이지,69.5,75.3,-4.7,25.4,1912.9,0,코스닥
2021,피에스케이,30.2,67.0,27.2,23.3,1560.9,0,코스닥
2021,주성엔지니어링,155.8,47.1,3.7,23.2,1095.0,0,코스닥
2021,소프트센,22.6,30.1,13.2,23.0,691.0,0,코스닥
2021,THQ,5.1,18.7,6.5,22.6,422.2,0,코스닥
2021,크로바하이텍,0.0,43.5,-11.9,22.3,970.7,0,코스닥
2021,제이에스티나,63.9,10.8,-30.6,22.2,239.5,0,코스닥
2021,라이트론,-14.6,36.6,6.4,21.5,787.1,0,코스닥
2021,에스디시스템,0.0,-9.7,-3.0,21.4,-207.7,0,코스닥
2021,토박스코리아,24.0,39.2,16.9,21.4,837.2,0,코스닥
2021,삼양옵틱스,10.0,42.9,11.8,20.8,892.3,0,코스닥
2021,대동스틸,21.2,73.8,17.9,20.7,1524.9,0,코스닥
2021,S-Oil,23.8,67.8,10.8,20.6,1399.6,1,유가증권시장
2021,에이피티씨,11.3,71.8,2.3,20.6,1479.1,0,코스닥
2021,폴라리스오피스,20.1,7.0,-9.4,20.4,142.2,0,코스닥
2021,유아이디,26.1,62.3,-33.7,20.4,1271.5,0,코스닥
2021,케이엔더블유,141.8,57.7,85.5,20.4,1177.6,0,코스닥
2021,시그네틱스,195.4,41.0,-0.9,20.2,829.6,0,코스닥
2021,카프로,23.5,105.0,25.9,20.2,2121.9,1,유가증권시장
2021,GST,118.9,97.0,18.9,19.9,1932.8,0,코스닥
2021,마이크로디지탈,11.9,9.7,46.5,19.6,190.1,0,코스닥
2021,아이엘사이언스,118.2,77.4,66.9,19.2,1484.4,0,코스닥
2021,SK케미칼,-43.1,42.0,10.7,18.9,792.5,1,유가증권시장
2021,미래컴퍼니,-15.6,47.0,25.5,18.5,867.8,0,코스닥
2021,삼화네트웍스,41.1,9.6,81.4,18.3,174.9,0,코스닥
2021,한국화장품,-31.7,-7.3,-25.6,18.3,-134.4,1,유가증권시장
2021,하이비젼시스템,60.8,53.3,13.5,18.2,970.3,0,코스닥
2021,에이블씨엔씨,-11.9,-17.5,-7.4,17.9,-313.2,1,유가증권시장
2021,서울리거,12.3,1.3,-52.6,17.8,22.8,0,코스닥
2021,기가레인,-21.2,26.2,-16.5,17.8,467.1,0,코스닥
2021,레이크머티리얼즈,97.8,39.1,46.6,17.7,694.6,0,코스닥
2021,유진테크,55.0,41.5,9.3,17.6,728.8,0,코스닥
2021,이원컴포텍,7.7,8.7,0.0,17.6,151.9,0,코스닥
2021,KC코트렐,-38.9,9.6,23.3,17.5,168.4,1,유가증권시장
2021,골드앤에스,0.0,45.4,22.9,17.5,794.0,0,코스닥
2021,매커스,60.3,56.4,27.5,17.3,977.2,0,코스닥
2021,오르비텍,36.6,24.7,24.8,17.2,425.9,0,코스닥
2021,감성코퍼레이션,211.7,88.7,6.8,17.2,1522.7,0,코스닥
2021,스킨앤스킨,0.0,12.7,2.6,17.1,217.5,0,코스닥
2021,한미반도체,109.1,35.4,3.9,17.1,604.0,1,유가증권시장
2021,국도화학,35.1,47.8,24.0,17.1,814.5,1,유가증권시장
2021,수젠텍,-31.0,49.5,62.8,17.0,840.0,0,코스닥
2021,라온테크,254.4,74.5,-3.8,16.9,1259.0,0,코스닥
2021,뉴로스,-28.8,6.3,-30.3,16.9,107.0,0,코스닥
2021,이녹스첨단소재,102.4,47.4,8.1,16.6,786.9,0,코스닥
2021,한창바이오텍,12.2,14.3,89.0,16.4,233.6,0,코스닥
2021,디아이씨,89.5,16.0,-6.2,16.3,260.0,1,유가증권시장
2021,OCI,11.8,28.0,11.9,16.0,449.0,1,유가증권시장
2021,티앤엘,121.0,39.3,0.9,16.0,630.7,0,코스닥
2021,SGC이테크건설,30.2,25.9,-20.9,15.9,412.4,0,코스닥
2021,이노시스,10.2,16.0,13.9,15.5,247.3,0,코스닥
2021,프로텍,-2.0,38.5,6.1,15.4,590.9,0,코스닥
2021,메디톡스,-14.0,9.4,-10.4,15.3,144.0,0,코스닥
2021,골프존,152.2,38.6,13.6,15.3,589.6,0,코스닥
2021,동양에스텍,123.7,46.0,16.0,15.0,691.1,0,코스닥
2021,코센,0.0,16.8,-6.0,14.9,249.9,0,코스닥
2021,쌍용정보통신,-16.9,107.3,3.4,14.8,1589.3,0,코스닥
2021,마이크로컨텍솔,128.5,51.7,3.5,14.7,759.8,0,코스닥
2021,바른전자,0.0,41.1,20.4,14.7,603.6,0,코스닥
2021,피씨디렉트,89.4,63.1,2.2,14.6,924.0,0,코스닥
2021,디이엔티,-50.1,37.0,14.0,14.2,525.9,0,코스닥
2021,에이스토리,-21.2,66.6,46.3,14.1,942.6,0,코스닥
2021,정다운,7.7,19.5,-0.5,14.1,275.4,0,코스닥
2021,미원에스씨,109.1,48.7,13.9,14.0,682.5,1,유가증권시장
2021,대호특수강,-6.3,60.1,81.9,14.0,841.0,0,코스닥
2021,나무가,23.4,-4.8,-15.6,13.8,-66.4,0,코스닥
2021,덴티스,-2.2,21.0,22.8,13.7,288.7,0,코스닥
2021,엠게임,129.3,23.3,2.0,13.7,318.8,0,코스닥
2021,인포마크,21.3,7.3,-23.0,13.6,99.8,0,코스닥
2021,DB하이텍,42.5,23.7,5.1,13.6,320.6,1,유가증권시장
2021,루트로닉,101.4,33.1,-7.8,13.4,444.0,0,코스닥
2021,SIMPAC,159.5,33.5,11.3,13.4,448.4,1,유가증권시장
2021,삼현철강,36.6,52.7,3.2,13.3,700.0,0,코스닥
2021,브이티지엠피,-19.6,75.1,5.7,13.2,989.1,0,코스닥
2021,아프리카TV,235.0,25.9,18.6,13.2,341.0,0,코스닥
2021,티케이케미칼,123.6,39.0,10.2,12.9,501.2,0,코스닥
2021,아이원스,48.6,8.2,-6.0,12.7,104.5,0,코스닥
2021,대한제강,49.5,98.9,12.3,12.7,1255.6,1,유가증권시장
2021,한솔인티큐브,16.8,16.4,10.7,12.6,207.7,0,코스닥
2021,줌인터넷,-14.3,11.8,15.9,12.6,148.3,0,코스닥
2021,피델릭스,18.0,31.6,-18.1,12.6,398.8,0,코스닥
2021,이노메트리,-26.8,46.4,10.0,12.5,581.3,0,코스닥
2021,엘컴텍,-14.3,13.9,-2.6,12.5,173.7,0,코스닥
2021,이엠텍,158.9,41.4,12.9,12.4,512.5,0,코스닥
2021,아톤,67.9,24.8,64.2,12.3,305.1,0,코스닥
2021,제너셈,114.8,32.7,3.8,12.3,402.3,0,코스닥
2021,이수화학,10.2,40.2,9.7,12.3,493.9,1,유가증권시장
2021,웰바이오텍,-24.6,86.3,73.4,12.2,1054.6,1,유가증권시장
2021,엔시트론,48.8,17.5,13.3,12.2,213.2,0,코스닥
2021,씨유메디칼,-48.6,8.7,-14.6,12.2,105.4,0,코스닥
2021,대양금속,26.9,54.1,15.0,12.1,657.6,1,유가증권시장
2021,코오롱생명과학,48.9,14.5,-22.2,12.0,173.8,0,코스닥
2021,메가스터디교육,111.3,41.4,16.8,11.9,494.2,0,코스닥
2021,크리스에프앤씨,69.6,26.6,15.0,11.9,316.6,0,코스닥
2021,솔브레인,2.3,77.2,-4.4,11.8,912.6,0,코스닥
2021,파수,67.1,12.4,-16.2,11.8,146.3,0,코스닥
2021,서산,10.0,15.0,-2.1,11.7,175.3,0,코스닥
2021,한국공항,16.5,10.0,-13.9,11.7,116.2,1,유가증권시장
2021,삼화전기,47.6,34.9,1.8,11.7,406.8,1,유가증권시장
2021,EG,38.3,41.8,3.0,11.6,486.3,0,코스닥
2021,한일철강,43.8,31.0,5.0,11.5,356.0,1,유가증권시장
2021,오상자이엘,-24.6,22.0,-9.1,11.5,252.0,0,코스닥
2021,알에프세미,3.3,3.3,2.5,11.4,37.2,0,코스닥
2021,에스코넥,-2.1,-2.3,-6.8,11.3,-26.3,0,코스닥
2021,네오펙트,-9.3,7.8,-4.9,11.3,88.4,0,코스닥
2021,해성디에스,100.2,51.3,7.6,11.2,573.2,1,유가증권시장
2021,드림텍,3.4,45.8,7.0,11.2,512.0,1,유가증권시장
2021,체리부로,-25.7,24.2,10.9,11.1,270.3,0,코스닥
2021,테스,0.3,47.0,1.3,11.1,521.8,0,코스닥
2021,이구산업,83.6,48.4,11.7,11.0,529.8,1,유가증권시장
2021,리노공업,46.9,21.8,6.8,10.8,236.6,0,코스닥
2021,심텍,99.8,21.1,-2.0,10.8,228.8,0,코스닥
2021,SK이노베이션,25.5,31.9,17.9,10.8,346.2,1,유가증권시장
2021,대보마그네틱,15.0,41.9,-16.1,10.8,454.7,0,코스닥
2021,코리아에스이,18.7,16.1,12.3,10.8,173.7,0,코스닥
2021,제이티,-18.1,38.6,14.6,10.8,416.3,0,코스닥
2021,에스아이리소스,0.0,49.3,-1.2,10.7,525.7,0,코스닥
2021,와이아이케이,-0.8,49.6,19.5,10.6,526.2,0,코스닥
2021,해성옵틱스,-13.1,-17.9,-43.5,10.5,-188.6,0,코스닥
2021,제이에스코퍼레이션,184.6,115.8,-0.7,10.5,1217.6,1,유가증권시장
2021,호텔신라,-5.2,20.4,-6.6,10.5,214.6,1,유가증권시장
2021,윈하이텍,20.8,19.5,18.0,10.5,204.9,0,코스닥
2021,피에스케이홀딩스,115.7,17.5,5.3,10.5,183.5,0,코스닥
2021,화인베스틸,10.5,14.3,1.3,10.4,149.1,1,유가증권시장
2021,한국주철관,9.2,50.9,0.9,10.4,529.7,1,유가증권시장
2021,강원랜드,2.3,8.5,4.9,10.4,88.5,1,유가증권시장
2021,현대바이오랜드,-29.7,7.4,-1.6,10.4,77.1,0,코스닥
2021,SK하이닉스,10.5,15.6,21.0,10.4,162.1,1,유가증권시장
2021,아이엠,-17.5,8.3,-11.3,10.4,86.1,0,코스닥
2021,사람인에이치알,53.7,22.5,14.6,10.3,231.9,0,코스닥
2021,후성,95.8,22.2,7.0,10.2,227.0,1,유가증권시장
2021,심텍홀딩스,94.9,20.3,3.2,10.2,207.4,0,코스닥
2021,원풍물산,-47.0,3.4,-2.2,10.2,34.8,0,코스닥
2021,진흥기업,-16.0,23.7,-0.1,10.1,240.0,1,유가증권시장
2021,성문전자,30.2,28.4,24.3,10.1,286.9,1,유가증권시장
2021,인바디,33.4,18.5,2.4,10.1,186.4,0,코스닥
2021,세아제강지주,131.2,23.1,14.1,10.0,231.5,1,유가증권시장
2021,자화전자,9.9,13.2,15.6,10.0,132.6,1,유가증권시장
2021,동양파일,32.2,18.5,1.1,10.0,184.8,0,코스닥
2021,엠피대산,-42.4,88.7,0.7,10.0,887.7,0,코스닥
2021,텔레칩스,33.8,21.5,16.5,10.0,214.3,0,코스닥
2021,덕신하우징,53.9,23.9,14.2,9.9,236.0,0,코스닥
2021,알로이스,127.3,42.3,37.8,9.9,417.5,0,코스닥
2021,한국정보공학,81.9,-11.4,-9.2,9.9,-112.5,0,코스닥
2021,엠아이텍,17.8,14.8,1.6,9.8,145.4,0,코스닥
2021,코퍼스코리아,27.8,24.2,94.7,9.8,237.9,0,코스닥
2021,엘오티베큠,-9.5,38.8,2.1,9.8,378.7,0,코스닥
2021,광진실업,30.7,32.0,14.0,9.8,312.5,0,코스닥
2021,드림어스컴퍼니,11.4,10.4,57.2,9.7,100.5,0,코스닥
2021,LG이노텍,99.5,89.5,13.5,9.7,864.3,1,유가증권시장
2021,동일산업,96.3,31.4,3.5,9.6,301.4,1,유가증권시장
2021,바텍,57.5,26.8,2.9,9.6,256.7,0,코스닥
2021,문배철강,12.0,27.8,-0.9,9.6,266.5,1,유가증권시장
2021,얼라인드,-13.4,14.9,13.6,9.5,142.5,0,코스닥
2021,명문제약,-34.9,4.1,-6.1,9.5,38.7,1,유가증권시장
2021,인터플렉스,-2.0,37.6,5.8,9.4,354.7,0,코스닥
2021,SBS,109.6,18.7,12.2,9.4,175.8,1,유가증권시장
2021,한국전자홀딩스,132.7,26.6,-12.4,9.4,249.8,1,유가증권시장
2021,동국제강,95.8,37.5,5.0,9.4,352.2,1,유가증권시장
2021,동일철강,41.2,13.6,31.3,9.4,127.6,0,코스닥
2021,컨버즈,0.0,63.5,-3.7,9.3,592.7,1,유가증권시장
2021,아진엑스텍,97.2,39.3,3.2,9.3,365.9,0,코스닥
2021,한국특강,75.6,78.4,18.7,9.3,728.2,1,유가증권시장
2021,우리이앤엘,8.4,30.4,2.3,9.2,280.8,0,코스닥
2021,LX인터내셔널,7.1,100.1,13.4,9.2,921.3,1,유가증권시장
2021,유비쿼스,-8.3,20.2,0.4,9.1,182.9,0,코스닥
2021,좋은사람들,-23.0,-18.3,0.8,9.1,-165.8,0,코스닥
2021,웨이브일렉트로,-5.2,13.5,-38.4,9.0,121.4,0,코스닥
2021,풍산홀딩스,44.3,22.7,-9.4,9.0,203.9,1,유가증권시장
2021,제이스코홀딩스,0.2,47.2,22.2,8.9,421.5,0,코스닥
2021,크루셜텍,-5.3,-9.8,15.3,8.9,-87.7,0,코스닥
2021,에스제이그룹,37.3,34.1,10.7,8.9,302.1,0,코스닥
2021,디씨엠,90.2,37.5,5.4,8.9,331.8,1,유가증권시장
2021,판타지오,-43.4,24.4,67.7,8.8,215.5,0,코스닥
2021,리노스,3.9,0.1,3.3,8.8,0.8,0,코스닥
2021,KC그린홀딩스,-13.9,9.1,13.0,8.8,79.8,1,유가증권시장
2021,TBH글로벌,28.9,10.7,0.7,8.8,94.2,1,유가증권시장
2021,한솔로지스틱스,69.8,121.2,23.8,8.8,1065.1,1,유가증권시장
2021,이수페타시스,105.7,19.6,0.0,8.8,171.8,1,유가증권시장
2021,현대비앤지스틸,66.7,27.1,7.9,8.7,234.7,1,유가증권시장
2021,POSCO홀딩스,0.9,23.4,6.6,8.6,202.6,1,유가증권시장
2021,대덕전자,97.6,47.0,10.8,8.6,405.4,1,유가증권시장
2021,영흥,-9.4,61.8,38.5,8.6,532.6,1,유가증권시장
2021,SHD,46.8,42.7,1.3,8.6,367.9,1,유가증권시장
2021,제주반도체,73.6,42.3,-8.8,8.6,364.2,0,코스닥
2021,비상교육,17.3,16.4,1.6,8.6,141.1,1,유가증권시장
2021,디알텍,23.2,16.3,-10.4,8.5,139.7,0,코스닥
2021,제이씨케미칼,37.1,52.0,20.5,8.5,444.0,0,코스닥
2021,동원수산,0.8,-0.8,-6.2,8.5,-6.5,1,유가증권시장
2021,비올,-12.0,26.3,-2.4,8.4,221.7,0,코스닥
2021,고영,12.9,22.4,10.4,8.4,188.8,0,코스닥
2021,콤텍시스템,-27.2,77.6,51.5,8.4,651.8,1,유가증권시장
2021,이엠앤아이,0.0,58.3,-17.3,8.4,489.6,0,코스닥
2021,잉글우드랩,72.3,21.8,-0.8,8.4,181.7,0,코스닥
2021,세코닉스,-7.5,21.2,-13.5,8.4,177.4,0,코스닥
2021,뉴프렉스,228.7,17.0,12.2,8.3,141.7,0,코스닥
2021,원익큐브,84.0,49.6,7.5,8.3,413.1,0,코스닥
2021,HRS,27.7,18.1,11.3,8.3,150.3,0,코스닥
2021,하나머티리얼즈,119.6,20.0,6.3,8.3,165.3,0,코스닥
2021,오리엔트정공,-25.8,29.7,-0.8,8.3,245.2,0,코스닥
2021,KG스틸,-8.6,44.8,14.9,8.2,369.7,1,유가증권시장
2021,이오테크닉스,2.1,13.7,2.1,8.2,112.6,0,코스닥
2021,정상제이엘에스,15.4,16.4,3.9,8.2,134.8,0,코스닥
2021,ISC,30.9,9.6,-11.5,8.1,77.6,0,코스닥
2021,조일알미늄,234.5,48.8,6.6,8.1,395.6,1,유가증권시장
2021,클래시스,22.1,17.6,28.3,8.1,141.7,0,코스닥
2021,티플랙스,40.5,38.2,11.1,8.1,308.2,0,코스닥
2021,로보스타,37.9,7.3,-14.4,8.1,59.0,0,코스닥
2021,TCC스틸,83.0,34.2,8.5,8.0,274.4,1,유가증권시장
2021,마이크로프랜드,34.9,14.3,-5.9,8.0,114.9,0,코스닥
2021,아난티,30.7,9.2,18.2,8.0,73.9,0,코스닥
2021,CSA 코스믹,-25.1,5.7,24.8,8.0,45.5,0,코스닥
2021,KBG,6.0,23.9,24.1,8.0,190.3,0,코스닥
2021,KH바텍,30.9,52.5,15.5,7.9,416.5,0,코스닥
2021,에스에스알,5.0,1.3,0.7,7.9,10.0,0,코스닥
2021,천보,91.1,44.5,23.9,7.9,350.1,0,코스닥
2021,한국철강,18.3,29.2,1.7,7.8,228.8,1,유가증권시장
2021,KEC,26.4,18.0,-21.2,7.8,141.3,1,유가증권시장
2021,LG화학,-25.4,30.4,12.9,7.8,236.8,1,유가증권시장
2021,코리아써키트,109.4,56.6,6.2,7.8,440.6,1,유가증권시장
2021,쏠리드,-39.7,14.6,1.6,7.8,113.3,0,코스닥
2021,디딤,-44.7,-16.0,-33.5,7.7,-123.1,0,코스닥
2021,패션플랫폼,28.5,57.9,6.5,7.7,444.7,0,코스닥
2021,서진시스템,-14.6,41.1,34.6,7.7,315.1,0,코스닥
2021,에스와이,-20.5,32.9,4.3,7.7,251.7,0,코스닥
2021,네이블,39.2,16.3,4.5,7.6,124.3,0,코스닥
2021,파인텍,-0.9,-14.6,-16.5,7.6,-111.6,0,코스닥
2021,CNT85,0.0,63.0,14.1,7.6,478.9,0,코스닥
2021,하이로닉,57.0,19.7,10.2,7.6,149.1,0,코스닥
2021,풍산,11.4,35.9,14.0,7.6,271.3,1,유가증권시장
2021,KISCO홀딩스,2.5,33.0,2.4,7.5,249.0,1,유가증권시장
2021,에코프로비엠,194.4,79.0,62.3,7.5,595.5,0,코스닥
2021,미래산업,-7.7,7.1,1.5,7.5,53.4,1,유가증권시장
2021,휴스틸,99.6,41.5,22.5,7.5,313.2,1,유가증권시장
2021,지니언스,92.7,11.6,5.4,7.5,86.9,0,코스닥
2021,티씨케이,18.5,13.8,3.9,7.5,103.4,0,코스닥
2021,코오롱플라스틱,189.5,34.6,9.1,7.5,259.5,1,유가증권시장
2021,팬오션,7.8,45.5,22.3,7.5,339.4,1,유가증권시장
2021,세아제강,5.6,33.0,8.7,7.5,245.7,1,유가증권시장
2021,태광산업,30.2,21.0,6.7,7.4,155.8,1,유가증권시장
2021,세경하이테크,23.3,23.3,13.6,7.4,172.1,0,코스닥
2021,코미코,34.3,17.8,2.7,7.4,131.7,0,코스닥
2021,세아베스틸지주,87.7,34.0,1.6,7.4,250.6,1,유가증권시장
2021,세동,-20.5,13.2,0.2,7.4,97.0,0,코스닥
2021,에이비엘바이오,-28.9,-2.8,0.3,7.3,-20.4,0,코스닥
2021,에이스테크,-44.4,6.2,8.8,7.3,45.8,0,코스닥
2021,디지털대성,10.2,32.1,17.8,7.3,235.0,0,코스닥
2021,장원테크,-59.3,19.8,1.4,7.3,144.4,0,코스닥
2021,넥스틴,6.7,14.1,3.6,7.3,103.2,0,코스닥
2021,갤럭시아에스엠,113.6,32.8,0.1,7.3,238.5,1,유가증권시장
2021,하이트론,-7.7,0.3,-33.1,7.3,2.4,1,유가증권시장
2021,엘앤씨바이오,6.1,15.8,-6.4,7.3,114.4,0,코스닥
2021,KCC글라스,62.8,27.2,5.3,7.3,197.2,1,유가증권시장
2021,케스피온,-51.9,20.5,16.8,7.2,148.4,0,코스닥
2021,슈프리마아이디,8.7,14.1,1.4,7.2,102.1,0,코스닥
2021,광무,139.1,-16.2,100.1,7.2,-116.1,0,코스닥
2021,유수홀딩스,9.8,33.9,-3.3,7.1,241.8,1,유가증권시장
2021,코프라,159.3,34.9,79.0,7.1,249.0,0,코스닥
2021,칩스앤미디어,94.3,11.5,2.0,7.1,81.6,0,코스닥
2021,이엔플러스,33.4,30.9,-5.1,7.1,218.6,1,유가증권시장
2021,포커스에이치엔에스,-18.5,61.3,-13.2,7.0,431.1,0,코스닥
2021,GS,4.1,19.6,13.4,7.0,137.7,1,유가증권시장
2021,하나마이크론,123.2,17.0,10.5,7.0,119.4,0,코스닥
2021,호전실업,11.1,19.2,6.5,7.0,134.8,1,유가증권시장
2021,SH에너지화학,16.5,39.4,0.5,7.0,275.0,1,유가증권시장
2021,레이언스,11.9,14.7,2.2,7.0,102.3,0,코스닥
2021,와이지-원,16.7,9.8,-4.2,6.9,67.3,0,코스닥
2021,KH 전자,-41.8,1.6,10.9,6.9,11.2,0,코스닥
2021,이건산업,7.0,5.2,4.9,6.9,35.6,1,유가증권시장
2021,서플러스글로벌,39.0,36.2,11.4,6.8,247.7,0,코스닥
2021,현대제철,3.5,13.9,1.8,6.8,94.4,1,유가증권시장
2021,크레버스,64.2,14.7,9.8,6.8,99.8,0,코스닥
2021,전방,34.7,7.7,1.7,6.8,51.9,1,유가증권시장
2021,서남,2.7,-1.7,48.9,6.8,-11.3,0,코스닥
2021,신흥,46.8,7.0,-11.7,6.8,47.2,1,유가증권시장
2021,인터로조,30.7,14.7,-2.5,6.7,98.8,0,코스닥
2021,한일사료,9.9,15.8,10.6,6.7,105.8,0,코스닥
2021,백산,48.6,-4.1,5.0,6.6,-27.4,1,유가증권시장
2021,비에이치,5.7,56.2,25.2,6.6,371.3,0,코스닥
2021,멀티캠퍼스,34.7,25.0,22.7,6.6,164.7,0,코스닥
2021,유니슨,-42.6,27.1,5.2,6.5,176.1,0,코스닥
2021,이녹스,173.8,10.0,4.6,6.5,64.8,0,코스닥
2021,이브이첨단소재,-39.8,17.2,19.1,6.5,111.4,0,코스닥
2021,LG디스플레이,32.6,16.0,3.0,6.5,103.6,1,유가증권시장
2021,평화산업,46.0,42.1,8.1,6.5,272.1,1,유가증권시장
2021,유니드,108.1,18.5,1.4,6.4,118.7,1,유가증권시장
2021,메디프론,-35.3,37.8,-26.6,6.4,242.1,0,코스닥
2021,쎄노텍,-19.2,11.7,6.7,6.4,74.6,0,코스닥
2021,아이비김영,130.1,32.9,12.1,6.4,209.1,0,코스닥
2021,원일특강,61.2,35.9,-0.1,6.3,227.3,0,코스닥
2021,HD현대,-5.3,34.8,31.9,6.3,220.6,1,유가증권시장
2021,YBM넷,-18.9,7.5,5.6,6.3,47.4,0,코스닥
2021,파이오링크,29.3,20.5,4.6,6.3,128.5,0,코스닥
2021,세아특수강,33.5,43.6,13.2,6.3,272.9,1,유가증권시장
2021,옵티시스,147.9,8.8,4.6,6.3,55.0,0,코스닥
2021,삼성전기,11.0,20.8,-2.7,6.2,129.6,1,유가증권시장
2021,토니모리,-43.8,0.6,-10.4,6.2,3.8,1,유가증권시장
2021,영원무역홀딩스,23.8,10.4,1.5,6.2,64.2,1,유가증권시장
2021,JYP Ent.,32.0,22.1,13.0,6.1,135.9,0,코스닥
2021,대림통상,-11.3,-0.8,4.0,6.1,-5.2,1,유가증권시장
2021,원익QnC,34.6,13.3,0.5,6.1,81.2,0,코스닥
2021,롯데케미칼,-21.4,30.4,9.0,6.1,185.0,1,유가증권시장
2021,파트론,18.8,22.0,-1.3,6.1,133.9,0,코스닥
2021,광전자,38.7,9.7,-5.7,6.1,58.8,1,유가증권시장
2021,네패스아크,-1.2,15.4,20.8,6.0,92.9,0,코스닥
2021,쿠쿠홈시스,0.3,15.1,13.8,6.0,91.0,1,유가증권시장
2021,시노펙스,-34.0,9.8,15.8,6.0,59.2,0,코스닥
2021,대현,20.8,13.7,3.8,6.0,82.9,1,유가증권시장
2021,영원무역,37.7,10.7,2.3,6.0,64.6,1,유가증권시장
2021,SG세계물산,13.1,-12.0,-2.5,6.0,-71.9,1,유가증권시장
2021,제이스텍,-16.1,-22.2,4.3,6.0,-133.1,0,코스닥
2021,하이스틸,43.3,26.9,3.5,6.0,161.0,1,유가증권시장
2021,빅솔론,44.1,15.7,7.1,6.0,94.1,0,코스닥
2021,중앙디앤엠,-48.0,4.1,-28.3,6.0,24.4,0,코스닥
2021,파마리서치,43.4,14.2,13.7,6.0,84.5,0,코스닥
2021,태성,1.4,30.6,-23.1,6.0,182.4,0,코스닥
2021,신풍제지,-36.7,-7.3,-2.6,6.0,-43.5,1,유가증권시장
2021,코세스,73.9,18.4,-28.5,5.9,109.4,0,코스닥
2021,덴티움,69.8,12.1,-0.5,5.9,71.9,1,유가증권시장
2021,JW중외제약,-33.1,10.8,18.7,5.9,63.9,1,유가증권시장
2021,스튜디오산타클로스,-7.1,31.5,42.6,5.9,186.2,0,코스닥
2021,우리로,15.8,0.8,-30.8,5.9,4.7,0,코스닥
2021,일야,0.0,21.5,-21.9,5.8,125.4,0,코스닥
2021,유니셈,70.4,41.1,0.0,5.8,238.8,0,코스닥
2021,세아홀딩스,36.6,34.4,6.2,5.8,199.5,1,유가증권시장
2021,모트렉스,0.2,19.5,0.7,5.8,112.7,0,코스닥
2021,가온미디어,179.6,15.1,8.6,5.8,87.5,0,코스닥
2021,동방선기,4.7,4.5,5.6,5.8,25.7,0,코스닥
2021,한국선재,53.7,12.2,7.3,5.8,70.4,0,코스닥
2021,네오티스,28.2,27.2,8.8,5.7,156.1,0,코스닥
2021,에스엠,149.4,11.4,6.9,5.7,65.0,0,코스닥
2021,알에스오토메이션,58.8,19.2,-7.5,5.7,109.8,0,코스닥
2021,바이오톡스텍,-47.2,12.0,30.7,5.7,68.4,0,코스닥
2021,우리넷,-9.3,8.1,-3.7,5.6,45.5,0,코스닥
2021,롯데정밀화학,35.9,27.6,16.0,5.6,154.8,1,유가증권시장
2021,더네이쳐홀딩스,49.5,30.0,24.9,5.6,168.0,0,코스닥
2021,제룡산업,25.8,16.4,2.3,5.6,91.9,0,코스닥
2021,디엔에이링크,-50.7,14.7,-8.4,5.5,81.1,0,코스닥
2021,진양폴리,75.5,35.6,1.6,5.5,196.6,1,유가증권시장
2021,SFA반도체,33.3,11.6,-1.4,5.5,63.7,0,코스닥
2021,러셀,62.2,43.5,18.7,5.5,238.8,0,코스닥
2021,바이오스마트,-29.5,13.5,33.1,5.5,74.1,0,코스닥
2021,에스티팜,34.1,9.3,5.3,5.5,51.0,0,코스닥
2021,케이씨에스,9.9,28.9,6.5,5.4,157.3,0,코스닥
2021,대창스틸,23.5,55.4,10.0,5.4,301.3,0,코스닥
2021,골프존뉴딘홀딩스,61.2,15.8,1.5,5.4,85.7,0,코스닥
2021,동일제강,27.5,39.9,5.5,5.4,215.0,1,유가증권시장
2021,석경에이티,-53.0,8.6,-13.0,5.4,46.5,0,코스닥
2021,트루윈,88.9,2.1,-2.7,5.4,11.1,0,코스닥
2021,미창석유,22.9,41.3,3.5,5.4,221.5,1,유가증권시장
2021,이엠넷,63.9,8.6,-3.4,5.3,45.8,0,코스닥
2021,CJ프레시웨이,50.9,-16.7,3.3,5.3,-87.8,0,코스닥
2021,신성델타테크,56.6,59.4,17.6,5.3,312.9,0,코스닥
2021,아가방컴퍼니,56.1,15.3,-4.1,5.3,80.6,0,코스닥
2021,대웅제약,-10.3,7.1,3.0,5.3,37.6,1,유가증권시장
2021,신원,107.1,45.6,17.7,5.3,239.9,1,유가증권시장
2021,TJ미디어,62.9,5.9,4.4,5.2,30.8,0,코스닥
2021,대한항공,39.2,5.6,-8.2,5.2,29.0,1,유가증권시장
2021,파세코,61.6,25.2,10.3,5.2,131.1,0,코스닥
2021,KG케미칼,28.9,28.8,6.5,5.2,149.3,1,유가증권시장
2021,에스씨엠생명과학,-60.6,0.2,-5.0,5.2,0.8,0,코스닥
2021,두산테스나,-11.1,16.5,8.5,5.2,84.8,0,코스닥
2021,대창,18.2,55.5,22.2,5.2,285.7,1,유가증권시장
2021,SCI평가정보,-24.8,-1.5,2.7,5.1,-7.9,0,코스닥
2021,위세아이텍,77.9,22.1,11.8,5.1,113.2,0,코스닥
2021,리더스코스메틱,-4.8,-4.3,-18.5,5.1,-21.9,0,코스닥
2021,이랜시스,57.1,33.2,6.0,5.1,169.7,0,코스닥
2021,팬스타엔터프라이즈,23.5,30.0,0.4,5.1,152.7,0,코스닥
2021,이수앱지스,22.3,2.9,48.3,5.1,14.8,0,코스닥
2021,신세계인터내셔날,-9.9,10.9,-5.8,5.1,55.4,1,유가증권시장
2021,엠에스씨,18.4,9.4,1.9,5.0,47.4,0,코스닥
2021,대한과학,-52.4,10.6,12.6,5.0,53.5,0,코스닥
2021,서한,11.0,22.7,30.8,5.0,114.4,0,코스닥
2021,소마젠,-50.9,18.9,1.4,5.0,95.1,0,코스닥
2021,미코,-4.3,16.3,11.2,5.0,81.1,0,코스닥
2021,라온시큐어,13.8,12.1,42.0,5.0,60.4,0,코스닥
2021,기아,31.7,17.7,2.2,5.0,87.7,1,유가증권시장
2021,비즈니스온,68.9,21.3,0.2,5.0,105.4,0,코스닥
2021,경인양행,-1.4,14.7,10.1,4.9,72.5,1,유가증권시장
2021,씨아이테크,69.6,7.7,-14.2,4.9,38.2,1,유가증권시장
2021,싸이맥스,-3.8,36.4,4.5,4.9,179.9,0,코스닥
2021,일신방직,33.6,14.1,1.6,4.9,69.5,1,유가증권시장
2021,덕산네오룩스,61.5,21.4,9.7,4.9,105.1,0,코스닥
2021,형지I&C,41.2,-3.2,23.0,4.9,-15.9,0,코스닥
2021,이랜텍,37.8,34.9,16.3,4.9,169.8,0,코스닥
2021,SKC,85.6,17.2,7.5,4.9,83.6,1,유가증권시장
2021,AP시스템,1.4,-17.0,1.1,4.9,-82.4,0,코스닥
2021,이건홀딩스,80.6,9.5,4.5,4.8,45.9,0,코스닥
2021,연우,13.3,12.4,-4.9,4.8,60.1,0,코스닥
2021,NHN벅스,255.7,-4.2,-5.9,4.8,-20.0,0,코스닥
2021,아이디피,-1.3,18.6,7.0,4.8,89.2,0,코스닥
2021,한국경제TV,30.1,14.1,-0.3,4.8,67.3,0,코스닥
2021,디아이,96.0,28.1,2.1,4.8,134.5,1,유가증권시장
2021,제이씨현시스템,-21.0,18.1,4.3,4.8,86.5,0,코스닥
2021,에이스침대,13.0,9.9,1.9,4.8,47.0,0,코스닥
2021,녹십자웰빙,-27.5,13.4,16.8,4.8,63.9,0,코스닥
2021,쎄니트,18.7,18.4,-2.7,4.8,87.5,0,코스닥
2021,한국쉘석유,-0.4,27.6,3.8,4.8,131.2,1,유가증권시장
2021,부국철강,-4.3,43.0,8.6,4.7,203.7,1,유가증권시장
2021,오스템임플란트,179.8,20.1,17.2,4.7,95.0,0,코스닥
2021,손오공,36.9,-18.4,-0.4,4.7,-86.9,0,코스닥
2021,핌스,82.3,39.5,17.5,4.7,185.9,0,코스닥
2021,디에스케이,17.3,10.6,-14.6,4.7,49.9,0,코스닥
2021,코스맥스,-10.4,17.5,2.5,4.7,82.6,1,유가증권시장
2021,코윈테크,36.1,47.9,31.7,4.7,225.4,0,코스닥
2021,사조대림,54.9,8.5,-4.6,4.7,40.0,1,유가증권시장
2021,성우전자,38.9,24.5,17.7,4.7,114.8,0,코스닥
2021,신라에스지,43.4,21.0,6.1,4.7,98.1,0,코스닥
2021,삼양홀딩스,31.8,16.3,7.6,4.7,76.1,1,유가증권시장
2021,덕산테코피아,73.3,19.9,34.6,4.7,92.9,0,코스닥
2021,다스코,-2.9,55.8,17.3,4.6,257.2,1,유가증권시장
2021,대웅,-38.3,8.5,3.1,4.6,39.1,1,유가증권시장
2021,이상네트웍스,-1.0,10.2,-4.5,4.6,46.8,0,코스닥
2021,한솔케미칼,55.5,15.0,5.2,4.6,68.5,1,유가증권시장
2021,태경산업,13.8,15.9,0.7,4.6,72.6,1,유가증권시장
2021,테이팩스,115.9,22.2,0.8,4.6,101.3,1,유가증권시장
2021,흥국에프엔비,79.7,22.8,28.9,4.6,103.9,0,코스닥
2021,나무기술,-3.1,-7.1,-7.6,4.5,-32.1,0,코스닥
2021,한세엠케이,16.0,-8.4,6.9,4.5,-37.9,1,유가증권시장
2021,제노레이,1.5,14.7,1.6,4.5,66.0,0,코스닥
2021,켐트로닉스,4.2,9.1,7.3,4.5,40.4,0,코스닥
2021,잉크테크,73.8,7.0,-20.8,4.4,31.1,0,코스닥
2021,인포뱅크,109.0,25.2,7.9,4.4,111.5,0,코스닥
2021,웹케시,-26.2,9.1,4.8,4.4,40.4,0,코스닥
2021,셀트리온제약,-46.3,30.1,10.7,4.4,132.9,0,코스닥
2021,케이엘넷,41.5,16.2,1.7,4.4,71.2,0,코스닥
2021,NI스틸,31.6,19.4,11.6,4.4,84.8,1,유가증권시장
2021,대덕,15.5,83.5,3.6,4.3,363.2,1,유가증권시장
2021,미원상사,67.5,19.7,4.6,4.3,85.5,1,유가증권시장
2021,화신,145.8,18.4,1.9,4.3,79.1,1,유가증권시장
2021,삼성출판사,38.4,7.0,-1.2,4.3,29.8,1,유가증권시장
2021,초록뱀미디어,48.3,34.2,3.5,4.3,146.3,0,코스닥
2021,금강철강,45.9,44.0,2.5,4.3,187.7,0,코스닥
2021,현대글로비스,-8.7,48.3,4.8,4.3,205.5,1,유가증권시장
2021,진도,-33.3,3.5,3.4,4.3,14.9,1,유가증권시장
2021,아남전자,-29.6,49.3,31.1,4.2,209.4,1,유가증권시장
2021,삼일씨엔에스,-1.9,12.4,7.9,4.2,52.6,1,유가증권시장
2021,코나아이,20.9,8.2,48.3,4.2,34.9,0,코스닥
2021,송원산업,34.5,21.4,16.2,4.2,90.4,1,유가증권시장
2021,와이지엔터테인먼트,24.6,18.5,3.4,4.2,78.0,0,코스닥
2021,셀바스헬스케어,19.8,17.6,1.5,4.2,73.9,0,코스닥
2021,대창단조,13.8,36.4,8.6,4.2,152.3,1,유가증권시장
2021,하림지주,4.9,33.0,15.1,4.2,137.4,0,코스닥
2021,에스티아이,17.1,20.7,29.0,4.2,86.3,0,코스닥
2021,남화산업,-25.2,5.3,1.5,4.2,22.2,0,코스닥
2021,대주전자재료,129.5,21.4,23.2,4.2,89.2,0,코스닥
2021,로보로보,31.1,11.2,-1.7,4.2,46.5,0,코스닥
2021,에스트래픽,24.0,41.7,24.4,4.1,172.4,0,코스닥
2021,삼성전자,-3.3,11.3,5.1,4.1,46.8,1,유가증권시장
2021,용평리조트,15.0,11.9,-8.7,4.1,49.4,1,유가증권시장
2021,삼목에스폼,60.7,23.6,25.7,4.1,97.6,0,코스닥
2021,JW신약,-29.2,-2.9,-3.3,4.1,-12.2,0,코스닥
2021,보라티알,-22.2,12.8,2.1,4.1,53.0,0,코스닥
2021,화천기계,1.1,26.7,2.6,4.1,109.8,1,유가증권시장
2021,한세실업,25.4,-2.6,14.9,4.1,-10.5,1,유가증권시장
2021,유니퀘스트,-17.7,49.5,10.1,4.1,202.5,1,유가증권시장
2021,셀루메드,-10.3,38.1,23.8,4.1,155.9,0,코스닥
2021,엑스큐어,-16.9,3.6,-0.5,4.1,14.7,0,코스닥
2021,제이엠티,46.0,1.0,-10.4,4.1,3.9,0,코스닥
2021,아비코전자,43.0,19.3,11.6,4.1,78.5,0,코스닥
2021,제이엠아이,13.7,-10.2,2.7,4.1,-41.7,0,코스닥
2021,한미약품,-23.2,6.8,-2.2,4.1,27.5,1,유가증권시장
2021,한탑,-52.5,1.1,2.2,4.1,4.5,0,코스닥
2021,휠라홀딩스,-18.0,17.7,2.2,4.0,71.5,1,유가증권시장
2021,씨엔플러스,0.0,37.5,-14.7,4.0,150.6,0,코스닥
2021,대림제지,26.5,21.7,-0.3,4.0,87.0,0,코스닥
2021,유엔젤,29.6,5.4,-7.5,4.0,21.6,1,유가증권시장
2021,백금T&A,36.8,24.6,-4.4,4.0,98.2,0,코스닥
2021,나노신소재,81.5,11.8,6.5,4.0,47.0,0,코스닥
2021,디케이락,-26.7,9.8,-0.4,4.0,39.1,0,코스닥
2021,삼보판지,32.9,22.3,6.4,4.0,88.7,0,코스닥
2021,쎌마테라퓨틱스,-25.3,7.4,-56.2,4.0,29.3,1,유가증권시장
2021,티에스이,17.5,7.4,8.5,4.0,29.2,0,코스닥
2021,두산에너빌리티,56.6,8.3,-13.9,4.0,32.7,1,유가증권시장
2021,고려제강,32.3,13.1,2.4,3.9,51.7,1,유가증권시장
2021,티에이치엔,70.4,20.1,14.1,3.9,79.1,1,유가증권시장
2021,PI첨단소재,48.9,9.9,6.4,3.9,38.9,1,유가증권시장
2021,이노인스트루먼트,-19.0,4.7,-2.3,3.9,18.4,0,코스닥
2021,서호전기,-3.7,9.6,-1.1,3.9,37.5,0,코스닥
2021,디엑스앤브이엑스,0.0,-0.7,4.9,3.9,-2.9,0,코스닥
2021,삼아알미늄,133.8,27.0,3.9,3.9,104.8,1,유가증권시장
2021,인산가,8.2,12.0,11.7,3.9,46.5,0,코스닥
2021,솔본,-8.3,8.3,1.3,3.9,32.1,0,코스닥
2021,황금에스티,19.5,7.0,-11.3,3.8,26.8,1,유가증권시장
2021,우리기술,25.9,1.9,2.0,3.8,7.2,0,코스닥
2021,한창산업,9.6,28.9,5.8,3.8,110.5,0,코스닥
2021,티웨이홀딩스,2.6,-6.5,11.4,3.8,-25.0,1,유가증권시장
2021,코스모화학,32.0,23.5,-6.0,3.8,89.6,1,유가증권시장
2021,삼성바이오로직스,9.3,6.3,18.0,3.8,23.9,1,유가증권시장
2021,휴림로봇,-42.4,7.3,-25.6,3.8,27.9,0,코스닥
2021,신진에스엠,31.0,11.2,-5.6,3.8,42.5,0,코스닥
2021,진양제약,0.6,18.6,13.8,3.8,70.2,0,코스닥
2021,삼영이엔씨,1.6,4.8,-5.7,3.8,18.2,0,코스닥
2021,센코,-33.5,19.2,59.8,3.8,72.3,0,코스닥
2021,코리아나,-21.0,0.3,-5.0,3.8,1.3,0,코스닥
2021,라파스,83.7,4.1,48.4,3.7,15.4,0,코스닥
2021,빛샘전자,32.6,43.2,-0.7,3.7,160.3,0,코스닥
2021,HB솔루션,39.3,38.9,52.4,3.7,144.0,0,코스닥
2021,고려신용정보,42.5,17.1,10.2,3.7,63.1,0,코스닥
2021,지엠비코리아,-25.4,17.5,2.7,3.7,64.7,1,유가증권시장
2021,와이팜,-45.1,21.6,14.9,3.7,79.5,0,코스닥
2021,포스코엠텍,69.6,52.6,13.7,3.7,192.2,0,코스닥
2021,인크로스,-2.0,6.9,18.2,3.7,25.2,0,코스닥
2021,PN풍년,24.7,1.5,-0.6,3.6,5.3,0,코스닥
2021,애머릿지,0.0,9.6,-38.1,3.6,35.2,0,코스닥
2021,태림포장,-25.1,26.6,2.6,3.6,96.9,1,유가증권시장
2021,SK,4.4,12.7,10.2,3.6,46.3,1,유가증권시장
2021,슈프리마,-16.0,9.6,1.1,3.6,35.0,0,코스닥
2021,영화테크,62.2,9.0,0.2,3.6,32.8,0,코스닥
2021,일진파워,220.4,11.3,4.6,3.6,41.1,0,코스닥
2021,효성화학,93.9,26.3,22.3,3.6,95.4,1,유가증권시장
2021,켐트로스,78.6,6.7,20.8,3.6,24.0,0,코스닥
2021,대영포장,56.5,29.8,11.9,3.6,107.6,1,유가증권시장
2021,태광,41.6,-0.7,3.2,3.6,-2.5,0,코스닥
2021,디젠스,24.7,-18.4,-6.7,3.6,-66.4,0,코스닥
2021,LG,-2.1,6.8,1.3,3.6,24.6,1,유가증권시장
2021,남성,-25.8,4.2,18.7,3.6,15.0,1,유가증권시장
2021,이월드,-16.0,-1.3,24.4,3.6,-4.6,1,유가증권시장
2021,클리오,2.5,6.8,2.3,3.6,24.1,0,코스닥
2021,브랜드엑스코퍼레이션,35.8,43.6,34.4,3.6,155.6,0,코스닥
2021,서린바이오,62.2,20.0,55.2,3.6,71.1,0,코스닥
2021,에이치케이,17.8,19.6,-1.1,3.6,69.8,0,코스닥
2021,유비쿼스홀딩스,-39.7,9.3,0.7,3.6,33.1,0,코스닥
2021,디케이티,44.3,-30.0,88.1,3.6,-106.5,0,코스닥
2021,메디앙스,-26.1,-2.2,-1.8,3.5,-7.8,0,코스닥
2021,바이오솔루션,-26.3,8.1,92.9,3.5,28.8,0,코스닥
2021,빅텍,-18.7,31.2,-23.0,3.5,109.9,0,코스닥
2021,아모레퍼시픽,-18.9,7.6,2.4,3.5,26.6,1,유가증권시장
2021,금강공업,45.6,8.8,7.2,3.5,30.9,1,유가증권시장
2021,노바텍,4.8,21.9,-3.8,3.5,76.7,0,코스닥
2021,일신바이오,-43.5,6.7,2.4,3.5,23.5,0,코스닥
2021,한섬,17.7,13.3,0.3,3.5,46.4,1,유가증권시장
2021,명성티엔에스,0.0,-9.9,-4.2,3.5,-34.4,0,코스닥
2021,그린케미칼,-7.0,24.8,14.0,3.5,86.1,1,유가증권시장
2021,대원미디어,128.5,23.2,6.9,3.5,80.7,0,코스닥
2021,액토즈소프트,76.7,4.9,14.6,3.5,17.2,0,코스닥
2021,나노엔텍,-13.6,12.0,5.3,3.5,41.7,0,코스닥
2021,신라교역,46.6,-4.1,2.7,3.5,-14.2,1,유가증권시장
2021,쎌바이오텍,-19.8,1.2,0.8,3.4,4.2,0,코스닥
2021,아이앤씨,-7.7,11.2,10.6,3.4,37.9,0,코스닥
2021,한농화성,83.1,35.3,16.8,3.4,119.4,1,유가증권시장
2021,신세계,6.1,12.1,1.3,3.4,40.7,1,유가증권시장
2021,시큐브,-6.9,-4.0,-1.3,3.4,-13.5,0,코스닥
2021,브리지텍,50.5,23.6,24.5,3.3,78.6,0,코스닥
2021,제넥신,-53.1,3.1,8.9,3.3,10.2,0,코스닥
2021,LF,17.3,7.4,-0.9,3.3,24.3,1,유가증권시장
2021,나이스디앤비,-1.7,7.4,6.1,3.3,24.3,0,코스닥
2021,금호에이치티,-19.9,4.2,-3.8,3.3,13.6,1,유가증권시장
2021,파워로직스,-7.9,-5.1,21.2,3.3,-16.6,0,코스닥
2021,서원,-29.8,29.6,16.4,3.3,96.3,1,유가증권시장
2021,오리콤,18.2,14.6,13.8,3.2,47.0,0,코스닥
2021,하림,-1.6,27.6,2.8,3.2,88.9,0,코스닥
2021,파커스,6.9,14.3,29.4,3.2,45.9,0,코스닥
2021,아이크래프트,6.1,12.8,23.6,3.2,41.2,0,코스닥
2021,두산,125.2,5.9,-16.3,3.2,18.8,1,유가증권시장
2021,인터지스,5.6,33.8,-3.9,3.2,108.1,1,유가증권시장
2021,아세아제지,41.2,24.3,0.7,3.2,77.5,1,유가증권시장
2021,블루콤,111.9,10.2,5.8,3.2,32.5,0,코스닥
2021,대원,-1.9,18.3,-5.2,3.2,58.2,0,코스닥
2021,인베니아,2.9,-4.7,-9.3,3.2,-15.0,0,코스닥
2021,태경케미컬,-12.7,5.0,2.3,3.2,15.7,1,유가증권시장
2021,윙입푸드,-21.3,15.2,7.7,3.1,47.9,0,코스닥
2021,IHQ,-8.4,-14.4,63.4,3.1,-45.1,1,유가증권시장
2021,유진로봇,88.8,-39.2,-29.8,3.1,-122.6,0,코스닥
2021,인탑스,7.0,37.6,1.8,3.1,116.2,0,코스닥
2021,유신,21.6,28.5,19.0,3.1,87.6,0,코스닥
2021,국보,-13.0,-14.4,11.5,3.1,-44.3,1,유가증권시장
2021,수산중공업,-3.8,48.7,-7.9,3.1,149.8,1,유가증권시장
2021,제일연마,20.8,6.7,0.8,3.1,20.4,1,유가증권시장
2021,큐에스아이,56.9,8.6,-17.3,3.1,26.1,0,코스닥
2021,신일전자,12.8,19.1,3.8,3.0,58.1,1,유가증권시장
2021,성창오토텍,-4.3,15.6,-8.7,3.0,47.6,0,코스닥
2021,오킨스전자,104.9,24.3,24.4,3.0,73.7,0,코스닥
2021,케이씨피드,41.0,9.9,-10.1,3.0,29.8,0,코스닥
2021,삼성엔지니어링,72.8,15.5,19.4,3.0,46.3,1,유가증권시장
2021,성보화학,-10.8,3.7,8.7,3.0,11.1,1,유가증권시장
2021,LS네트웍스,11.9,4.5,1.7,3.0,13.5,1,유가증권시장
2021,태경비케이,25.7,10.1,3.5,3.0,30.0,1,유가증권시장
2021,이지홀딩스,-1.8,20.9,19.1,3.0,62.0,0,코스닥
2021,한국수출포장,15.4,17.6,3.9,3.0,52.0,1,유가증권시장
2021,와이엠씨,-20.2,28.7,-1.6,2.9,84.6,0,코스닥
2021,포스코케미칼,38.5,20.3,20.1,2.9,59.6,1,유가증권시장
2021,큐로홀딩스,-20.1,44.6,8.5,2.9,130.8,0,코스닥
2021,조흥,7.4,11.4,2.7,2.9,33.4,1,유가증권시장
2021,스맥,1.0,7.9,9.7,2.9,23.0,0,코스닥
2021,뷰웍스,38.1,16.7,13.4,2.9,48.7,0,코스닥
2021,LS전선아시아,1.9,41.1,13.3,2.9,119.4,1,유가증권시장
2021,만도,7.8,11.8,8.7,2.9,34.4,1,유가증권시장
2021,글로벌에스엠,79.2,13.8,-3.0,2.9,40.0,0,코스닥
2021,두산밥캣,37.4,22.0,19.7,2.9,63.8,1,유가증권시장
2021,램테크놀러지,25.7,9.0,1.8,2.9,26.0,0,코스닥
2021,한세예스24홀딩스,-3.1,0.1,10.7,2.9,0.1,1,유가증권시장
2021,우진,87.5,7.7,-1.5,2.9,22.1,1,유가증권시장
2021,코스맥스엔비티,-32.2,7.4,2.3,2.9,21.2,0,코스닥
2021,보락,-19.3,2.7,1.2,2.9,7.8,1,유가증권시장
2021,협진,0.0,17.0,48.4,2.9,48.7,0,코스닥
2021,한국가구,44.1,10.3,0.6,2.9,29.3,0,코스닥
2021,코스메카코리아,6.1,16.0,2.5,2.8,45.4,0,코스닥
2021,아세아,41.4,11.1,1.4,2.8,31.4,1,유가증권시장
2021,솔브레인홀딩스,-23.3,13.5,8.6,2.8,38.3,0,코스닥
2021,JW홀딩스,-39.4,0.7,-2.5,2.8,1.9,1,유가증권시장
2021,엑셈,-3.7,8.6,7.1,2.8,24.3,0,코스닥
2021,엘엠에스,-31.3,-11.2,4.6,2.8,-31.5,0,코스닥
2021,아이에스동서,-17.1,11.3,-4.9,2.8,31.7,1,유가증권시장
2021,아세아시멘트,68.3,5.5,2.1,2.8,15.5,1,유가증권시장
2021,계룡건설,16.4,17.5,5.2,2.8,48.9,1,유가증권시장
2021,카스,125.8,15.1,11.6,2.8,42.2,0,코스닥
2021,금양,-25.9,18.9,26.1,2.8,52.7,1,유가증권시장
2021,홈센타홀딩스,25.7,19.3,-1.1,2.8,53.6,0,코스닥
2021,뉴파워프라즈마,-2.7,40.8,2.4,2.8,112.9,0,코스닥
2021,세중,32.8,22.1,6.8,2.8,60.7,0,코스닥
2021,유아이엘,-30.4,-15.1,3.8,2.8,-41.6,0,코스닥
2021,픽셀플러스,63.3,13.3,2.6,2.7,36.6,0,코스닥
2021,남광토건,3.7,58.2,23.8,2.7,159.5,1,유가증권시장
2021,FSN,164.1,22.7,-17.4,2.7,62.2,0,코스닥
2021,아미노로직스,-18.4,8.6,-1.2,2.7,23.4,0,코스닥
2021,링크제니시스,12.6,7.5,-2.9,2.7,20.3,0,코스닥
2021,로지시스,39.8,5.6,-0.6,2.7,15.0,0,코스닥
2021,우진플라임,50.8,10.8,-4.7,2.7,29.1,1,유가증권시장
2021,팜스빌,25.7,-0.6,2.5,2.7,-1.5,0,코스닥
2021,NICE평가정보,-27.4,10.5,6.2,2.7,28.2,0,코스닥
2021,지엔코,-35.4,3.0,-1.1,2.7,8.0,0,코스닥
2021,우주일렉트로,-15.6,3.6,-1.0,2.7,9.7,0,코스닥
2021,오디텍,24.7,9.3,6.2,2.7,24.9,0,코스닥
2021,뉴보텍,-19.5,8.3,16.0,2.7,22.0,0,코스닥
2021,링네트,-8.1,53.0,1.4,2.7,140.7,0,코스닥
2021,월덱스,62.8,20.2,4.1,2.6,53.4,0,코스닥
2021,아모레G,-19.2,5.1,0.6,2.6,13.4,1,유가증권시장
2021,코오롱글로벌,17.1,33.3,-0.9,2.6,87.7,1,유가증권시장
2021,SDN,-48.1,6.6,-17.0,2.6,17.2,0,코스닥
2021,유니크,-30.3,14.3,0.5,2.6,37.0,0,코스닥
2021,삼화콘덴서,-8.6,8.4,2.6,2.6,21.6,1,유가증권시장
2021,코스모신소재,134.9,28.1,-11.7,2.6,72.4,1,유가증권시장
2021,서희건설,8.5,4.1,11.0,2.6,10.6,0,코스닥
2021,쇼박스,79.0,2.7,4.7,2.6,7.1,0,코스닥
2021,보광산업,19.1,11.0,2.6,2.6,28.3,0,코스닥
2021,모나미,-15.8,2.3,-4.1,2.6,5.9,1,유가증권시장
2021,한국컴퓨터,76.9,42.5,-8.8,2.6,109.0,0,코스닥
2021,헥토이노베이션,12.9,13.8,16.5,2.6,35.5,0,코스닥
2021,APS홀딩스,80.9,5.2,15.5,2.5,13.2,0,코스닥
2021,우정바이오,-33.3,-8.7,38.5,2.5,-22.2,0,코스닥
2021,모베이스전자,-15.1,4.2,4.2,2.5,10.7,0,코스닥
2021,경방,10.9,4.3,-0.3,2.5,10.8,1,유가증권시장
2021,DI동일,93.1,15.1,6.1,2.5,38.1,1,유가증권시장
2021,엔피케이,11.7,4.0,-2.6,2.5,10.1,0,코스닥
2021,사조산업,51.8,-2.9,-3.3,2.5,-7.3,1,유가증권시장
2021,한라홀딩스,22.6,15.6,10.5,2.5,39.0,1,유가증권시장
2021,에스씨디,7.7,7.3,-0.1,2.5,18.2,0,코스닥
2021,파크시스템스,61.9,13.4,-7.2,2.5,33.5,0,코스닥
2021,동양피스톤,9.2,9.5,-0.3,2.5,23.7,1,유가증권시장
2021,케이엔제이,21.6,5.4,-1.1,2.5,13.3,0,코스닥
2021,남화토건,-33.6,19.7,0.4,2.5,48.6,0,코스닥
2021,롯데칠성,23.0,7.2,-0.3,2.5,17.6,1,유가증권시장
2021,유에스티,-20.7,22.4,-2.3,2.4,54.8,0,코스닥
2021,신세계푸드,25.4,10.4,-1.0,2.4,25.4,1,유가증권시장
2021,현대퓨처넷,9.3,9.6,-3.6,2.4,23.3,1,유가증권시장
2021,동화기업,99.2,11.8,5.1,2.4,28.4,0,코스닥
2021,대창솔루션,0.8,1.4,0.7,2.4,3.3,0,코스닥
2021,신신제약,-29.4,5.8,-2.2,2.4,13.9,0,코스닥
2021,엠에스오토텍,-37.3,29.8,16.9,2.4,71.0,0,코스닥
2021,나노,14.5,3.6,-19.9,2.4,8.5,0,코스닥
2021,이스트소프트,102.0,4.0,6.5,2.4,9.6,0,코스닥
2021,에프엔씨엔터,38.6,1.3,-0.2,2.4,3.2,0,코스닥
2021,RFHIC,-18.2,10.0,13.9,2.4,23.5,0,코스닥
2021,유니트론텍,-8.7,62.0,17.5,2.4,145.8,0,코스닥
2021,메카로,-0.4,6.5,-1.6,2.3,15.2,0,코스닥
2021,프리엠스,19.3,12.8,5.2,2.3,30.1,0,코스닥
2021,유라테크,-13.7,2.8,0.6,2.3,6.6,0,코스닥
2021,삼익THK,8.7,12.0,-4.3,2.3,28.2,1,유가증권시장
2021,고려아연,27.3,28.2,9.6,2.3,65.9,1,유가증권시장
2021,디앤씨미디어,12.4,15.2,10.2,2.3,35.5,0,코스닥
2021,현우산업,50.1,18.0,4.1,2.3,42.0,0,코스닥
2021,한국기업평가,-25.1,5.7,1.6,2.3,13.4,0,코스닥
2021,신세계건설,29.2,39.2,5.2,2.3,91.1,1,유가증권시장
2021,하이브,120.3,23.9,58.0,2.3,55.5,1,유가증권시장
2021,애니젠,11.2,5.6,-19.8,2.3,13.0,0,코스닥
2021,유비벨록스,82.6,11.7,19.4,2.3,27.0,0,코스닥
2021,디와이파워,8.8,46.0,6.0,2.3,105.9,1,유가증권시장
2021,한국정밀기계,-11.7,-3.2,4.4,2.3,-7.4,0,코스닥
2021,에너토크,157.4,-0.8,3.3,2.3,-1.8,0,코스닥
2021,하이텍팜,-25.7,-0.9,-3.3,2.3,-2.1,0,코스닥
2021,켐온,-18.2,6.0,4.6,2.3,13.6,0,코스닥
2021,대우부품,-11.2,25.3,2.6,2.3,57.0,1,유가증권시장
2021,동국산업,4.4,20.3,5.4,2.2,45.2,0,코스닥
2021,헥토파이낸셜,-3.9,15.5,27.4,2.2,34.3,0,코스닥
2021,한일네트웍스,38.8,8.0,-5.0,2.2,17.8,0,코스닥
2021,금호건설,27.8,17.1,7.0,2.2,37.7,1,유가증권시장
2021,엘디티,53.8,2.1,-7.7,2.2,4.7,0,코스닥
2021,우수AMS,-43.8,33.3,12.3,2.2,73.0,0,코스닥
2021,클라우드에어,-21.2,2.2,-17.2,2.2,4.8,0,코스닥
2021,현대건설기계,23.8,26.6,7.1,2.2,58.2,1,유가증권시장
2021,유성기업,16.2,8.5,-2.8,2.2,18.5,1,유가증권시장
2021,지노믹트리,-9.2,3.3,33.4,2.2,7.2,0,코스닥
2021,프럼파스트,38.7,11.3,3.1,2.2,24.4,0,코스닥
2021,아이디스,-13.8,28.9,21.0,2.2,62.3,0,코스닥
2021,효성ITX,-13.8,-5.1,16.0,2.1,-10.9,1,유가증권시장
2021,원익IPS,-4.4,12.9,-6.4,2.1,27.5,0,코스닥
2021,에코플라스틱,56.8,35.8,5.2,2.1,76.4,0,코스닥
2021,성우하이텍,0.2,11.3,1.0,2.1,24.1,0,코스닥
2021,누리플렉스,10.1,-19.7,23.4,2.1,-41.9,0,코스닥
2021,에스티오,16.2,-6.0,-5.0,2.1,-12.6,0,코스닥
2021,삼익악기,25.0,7.6,-10.9,2.1,16.2,1,유가증권시장
2021,메타바이오메드,2.8,12.8,-14.2,2.1,27.0,0,코스닥
2021,극동유화,14.3,116.9,6.8,2.1,246.6,1,유가증권시장
2021,제일테크노스,-6.5,28.1,5.0,2.1,58.8,0,코스닥
2021,국일신동,-4.7,5.6,0.5,2.1,11.8,0,코스닥
2021,DN오토모티브,178.8,13.3,48.2,2.1,27.7,1,유가증권시장
2021,서진오토모티브,6.4,29.9,0.7,2.1,61.9,0,코스닥
2021,신도리코,24.7,-1.5,0.7,2.1,-3.2,1,유가증권시장
2021,KCC,59.5,6.4,3.2,2.1,13.2,1,유가증권시장
2021,네오오토,31.2,17.2,-2.9,2.1,35.4,0,코스닥
2021,동우팜투테이블,-7.6,7.6,7.4,2.1,15.6,0,코스닥
2021,효성중공업,-6.3,3.0,6.8,2.1,6.1,1,유가증권시장
2021,현대차,8.9,6.5,8.8,2.0,13.3,1,유가증권시장
2021,웅진,57.6,8.6,-4.8,2.0,17.6,1,유가증권시장
2021,평화홀딩스,26.3,20.4,2.7,2.0,41.6,1,유가증권시장
2021,승일,68.7,8.3,1.9,2.0,16.9,0,코스닥
2021,아이윈플러스,8.7,2.4,2.2,2.0,4.9,0,코스닥
2021,이엔코퍼레이션,22.4,83.9,55.6,2.0,168.4,0,코스닥
2021,토탈소프트,40.0,8.1,-0.7,2.0,16.2,0,코스닥
2021,휴젤,-18.3,3.6,1.9,2.0,7.1,0,코스닥
2021,이크레더블,-16.2,4.1,1.6,2.0,8.3,0,코스닥
2021,씨엔알리서치,-30.4,20.6,-7.5,2.0,41.1,0,코스닥
2021,한솔홈데코,-21.4,3.4,4.9,2.0,6.8,1,유가증권시장
2021,하츠,14.3,11.6,6.4,2.0,23.1,0,코스닥
2021,SBS콘텐츠허브,32.3,13.6,4.8,2.0,26.8,0,코스닥
2021,KCTC,65.9,46.7,16.1,2.0,91.4,1,유가증권시장
2021,신화콘텍,51.9,-0.6,-1.9,1.9,-1.2,0,코스닥
2021,케이사인,59.4,2.6,0.1,1.9,5.1,0,코스닥
2021,삼보산업,-23.0,18.9,6.7,1.9,36.9,0,코스닥
2021,신세계 I&C,58.2,16.1,1.9,1.9,31.4,1,유가증권시장
2021,대유,-22.7,2.9,7.0,1.9,5.5,0,코스닥
2021,동국S&C,-33.5,21.2,8.9,1.9,41.0,0,코스닥
2021,대우건설,15.7,5.9,6.6,1.9,11.4,1,유가증권시장
2021,제일기획,10.9,25.8,8.4,1.9,49.7,1,유가증권시장
2021,현대이지웰,-1.4,6.8,-2.0,1.9,13.2,0,코스닥
2021,나라엠앤디,-22.3,7.8,1.9,1.9,15.0,0,코스닥
2021,웅진씽크빅,15.2,25.2,16.0,1.9,48.4,1,유가증권시장
2021,티엘아이,-21.0,-8.0,-1.9,1.9,-15.4,0,코스닥
2021,다믈멀티미디어,33.6,8.0,59.0,1.9,15.3,0,코스닥
2021,이퓨쳐,-9.1,0.5,-1.0,1.9,0.9,0,코스닥
2021,에스피지,42.6,21.3,9.8,1.9,40.3,0,코스닥
2021,한올바이오파마,-43.9,5.9,-1.8,1.9,11.2,1,유가증권시장
2021,이스트아시아홀딩스,-38.1,6.2,1.2,1.9,11.6,0,코스닥
2021,플레이디,-6.5,4.5,15.3,1.9,8.4,0,코스닥
2021,한국프랜지,-27.0,18.3,0.9,1.9,34.1,1,유가증권시장
2021,한국앤컴퍼니,7.2,3.8,1.4,1.9,7.1,1,유가증권시장
2021,SM C&C,175.2,3.0,8.0,1.9,5.6,0,코스닥
2021,NPC,220.1,13.5,15.0,1.8,25.0,1,유가증권시장
2021,삼성SDI,4.3,10.5,11.4,1.8,19.3,1,유가증권시장
2021,KTis,-1.4,4.9,17.2,1.8,9.0,1,유가증권시장
2021,딜리,34.8,12.3,9.6,1.8,22.6,0,코스닥
2021,머큐리,-7.1,3.0,13.5,1.8,5.5,0,코스닥
2021,한국화장품제조,-30.4,7.5,0.2,1.8,13.6,1,유가증권시장
2021,휴비츠,20.0,16.0,-8.0,1.8,29.0,0,코스닥
2021,비덴트,207.5,1.7,34.1,1.8,3.1,0,코스닥
2021,경인전자,46.9,11.4,4.4,1.8,20.3,1,유가증권시장
2021,에코프로,248.1,50.9,78.6,1.8,90.6,0,코스닥
2021,코오롱인더,72.7,13.7,5.9,1.8,24.3,1,유가증권시장
2021,iMBC,9.9,4.5,1.1,1.8,7.9,0,코스닥
2021,일진머티리얼즈,165.2,14.1,16.4,1.8,24.8,1,유가증권시장
2021,이지바이오,-23.6,46.0,18.4,1.8,81.0,0,코스닥
2021,카나리아바이오,22.4,2.9,-3.1,1.8,5.1,0,코스닥
2021,DL건설,-11.1,18.4,1.0,1.8,32.3,1,유가증권시장
2021,세명전기,8.5,0.9,0.8,1.8,1.6,0,코스닥
2021,가비아,2.7,12.1,4.4,1.7,21.1,0,코스닥
2021,KX,-10.6,1.5,18.6,1.7,2.7,0,코스닥
2021,동남합성,29.0,43.5,14.8,1.7,75.5,1,유가증권시장
2021,대한해운,-6.8,8.1,-4.5,1.7,14.0,1,유가증권시장
2021,일지테크,-16.4,1.2,9.0,1.7,2.1,0,코스닥
2021,KNN,-44.3,3.6,0.9,1.7,6.1,0,코스닥
2021,엔브이에이치코리아,11.6,12.8,7.8,1.7,21.9,0,코스닥
2021,나이벡,-32.7,13.7,8.8,1.7,23.3,0,코스닥
2021,한국내화,-16.0,33.5,22.4,1.7,56.4,1,유가증권시장
2021,MH에탄올,21.3,1.7,-0.6,1.7,2.8,1,유가증권시장
2021,백광산업,55.7,6.1,7.5,1.7,10.3,1,유가증권시장
2021,토비스,11.4,-3.3,26.2,1.7,-5.6,0,코스닥
2021,씨티씨바이오,17.5,5.8,-11.1,1.7,9.6,0,코스닥
2021,펩트론,-32.3,3.0,-21.2,1.7,4.9,0,코스닥
2021,드림시큐리티,9.0,11.0,41.3,1.6,18.1,0,코스닥
2021,아이에이,11.4,15.9,2.3,1.6,26.1,0,코스닥
2021,코오롱,51.6,14.0,1.8,1.6,23.0,1,유가증권시장
2021,코위버,-25.7,3.2,1.2,1.6,5.2,0,코스닥
2021,YG PLUS,57.7,31.2,20.2,1.6,51.0,1,유가증권시장
2021,상아프론테크,14.4,8.9,1.6,1.6,14.3,0,코스닥
2021,무림P&P,19.8,6.0,2.5,1.6,9.7,1,유가증권시장
2021,마크로젠,8.9,5.8,3.4,1.6,9.3,0,코스닥
2021,크리스탈지노믹스,-44.5,3.8,6.9,1.6,6.2,0,코스닥
2021,엔케이,-8.7,-0.2,-16.2,1.6,-0.3,1,유가증권시장
2021,윈텍,-10.2,18.6,6.9,1.6,29.7,0,코스닥
2021,제주항공,4.1,-8.9,11.2,1.6,-14.2,1,유가증권시장
2021,한국전자인증,68.2,3.2,0.6,1.6,5.1,0,코스닥
2021,제로투세븐,28.7,-26.2,-13.6,1.6,-41.5,0,코스닥
2021,국순당,62.5,5.0,0.8,1.6,8.0,0,코스닥
2021,GH신소재,-8.8,8.4,-6.5,1.6,13.4,0,코스닥
2021,텔레필드,-16.4,-8.7,-13.5,1.6,-13.7,0,코스닥
2021,대한뉴팜,-13.5,13.0,1.3,1.6,20.5,0,코스닥
2021,일양약품,-57.4,6.4,6.4,1.6,10.1,1,유가증권시장
2021,이루온,70.8,16.0,-8.3,1.6,25.2,0,코스닥
2021,BGF리테일,7.4,25.3,4.8,1.6,39.7,1,유가증권시장
2021,하나제약,-14.2,6.9,2.7,1.6,10.8,1,유가증권시장
2021,엔에프씨,-0.7,9.2,-18.7,1.6,14.4,0,코스닥
2021,광주신세계,18.3,2.9,2.6,1.6,4.5,1,유가증권시장
2021,율호,39.6,11.9,5.4,1.5,18.1,0,코스닥
2021,코디엠,-53.6,13.9,13.7,1.5,21.1,0,코스닥
2021,동양,23.1,9.7,0.6,1.5,14.8,1,유가증권시장
2021,제우스,-18.9,9.2,17.7,1.5,13.9,0,코스닥
2021,AJ네트웍스,17.2,9.7,-19.4,1.5,14.7,1,유가증권시장
2021,레고켐바이오,-20.4,-12.7,7.9,1.5,-19.2,0,코스닥
2021,디오,18.0,9.3,0.3,1.5,13.9,0,코스닥
2021,서암기계공업,-8.0,19.0,5.0,1.5,28.1,0,코스닥
2021,STX,-20.3,-7.7,1.6,1.5,-11.4,1,유가증권시장
2021,현대백화점,5.2,14.9,0.8,1.5,22.0,1,유가증권시장
2021,한화에어로스페이스,68.4,11.6,6.8,1.5,17.0,1,유가증권시장
2021,KT,27.5,2.9,7.4,1.4,4.2,1,유가증권시장
2021,성우테크론,16.5,7.5,-0.4,1.4,10.8,0,코스닥
2021,에이테크솔루션,36.0,10.9,6.5,1.4,15.7,0,코스닥
2021,한미글로벌,16.3,17.2,23.4,1.4,24.6,1,유가증권시장
2021,서연,26.9,11.3,-4.3,1.4,16.0,1,유가증권시장
2021,아이센스,0.8,9.5,19.7,1.4,13.6,0,코스닥
2021,우림피티에스,-19.5,0.5,0.0,1.4,0.7,0,코스닥
2021,나이스정보통신,3.5,21.1,9.6,1.4,29.9,0,코스닥
2021,아이즈비전,15.9,4.7,8.4,1.4,6.7,0,코스닥
2021,노바렉스,-1.3,26.0,7.0,1.4,36.4,0,코스닥
2021,나스미디어,18.0,3.0,11.2,1.4,4.2,0,코스닥
2021,아즈텍WB,81.1,0.2,5.7,1.4,0.3,0,코스닥
2021,우리손에프앤지,6.3,4.1,-2.0,1.4,5.7,0,코스닥
2021,코메론,24.6,9.6,2.6,1.4,13.4,0,코스닥
2021,이글벳,-22.7,0.2,2.3,1.4,0.2,0,코스닥
2021,헬릭스미스,-24.4,-0.4,-29.4,1.4,-0.6,0,코스닥
2021,동부건설,7.7,-2.9,21.8,1.4,-3.9,1,유가증권시장
2021,케이아이엔엑스,-30.4,9.8,0.7,1.4,13.4,0,코스닥
2021,알파홀딩스,-33.7,7.1,0.6,1.4,9.7,0,코스닥
2021,한신기계,123.3,2.9,2.3,1.4,3.9,1,유가증권시장
2021,인화정공,97.1,1.5,7.2,1.3,2.0,0,코스닥
2021,AK홀딩스,-23.3,13.2,11.0,1.3,17.7,1,유가증권시장
2021,웹스,162.6,3.7,-3.7,1.3,5.0,0,코스닥
2021,더블유에스아이,-29.5,4.8,52.5,1.3,6.4,0,코스닥
2021,노터스,14.1,7.9,12.2,1.3,10.5,0,코스닥
2021,덕양산업,93.3,11.0,0.5,1.3,14.4,1,유가증권시장
2021,위지트,7.9,1.0,5.4,1.3,1.3,0,코스닥
2021,S&K폴리텍,10.5,30.7,14.3,1.3,40.3,0,코스닥
2021,KX하이텍,12.0,30.1,52.1,1.3,39.1,0,코스닥
2021,대동기어,66.9,24.1,9.2,1.3,31.3,0,코스닥
2021,슈프리마에이치큐,-4.0,2.5,0.8,1.3,3.3,0,코스닥
2021,WISCOM,26.1,11.6,0.9,1.3,15.0,1,유가증권시장
2021,LIG넥스원,124.9,8.5,-4.2,1.3,11.0,1,유가증권시장
2021,파나케이아,0.0,4.6,-14.5,1.3,6.0,0,코스닥
2021,이글루,48.8,17.0,20.0,1.3,21.7,0,코스닥
2021,KBI메탈,8.0,88.8,4.5,1.3,113.5,0,코스닥
2021,SPC삼립,-1.7,34.2,0.8,1.3,43.5,1,유가증권시장
2021,시너지이노베이션,17.4,7.6,4.1,1.3,9.6,0,코스닥
2021,윈스,-11.7,1.5,-11.5,1.3,1.8,0,코스닥
2021,피앤씨테크,19.5,3.0,1.0,1.3,3.8,0,코스닥
2021,삼영전자,11.8,7.5,1.7,1.3,9.4,1,유가증권시장
2021,메가스터디,15.6,0.2,-0.1,1.2,0.2,0,코스닥
2021,TKG애강,8.7,7.8,3.3,1.2,9.7,0,코스닥
2021,두올,27.9,7.3,1.1,1.2,9.1,1,유가증권시장
2021,신흥에스이씨,31.9,24.1,6.5,1.2,29.8,0,코스닥
2021,새론오토모티브,-11.3,-3.2,-0.1,1.2,-4.0,1,유가증권시장
2021,CJ,-9.4,6.2,2.2,1.2,7.6,1,유가증권시장
2021,SGA,24.5,-16.5,-26.8,1.2,-20.3,0,코스닥
2021,LS,-24.2,22.7,6.0,1.2,27.6,1,유가증권시장
2021,이엠코리아,-31.3,11.4,-5.1,1.2,13.9,0,코스닥
2021,코스맥스비티아이,-22.5,5.7,7.2,1.2,6.9,1,유가증권시장
2021,동아화성,18.6,11.7,6.5,1.2,14.3,0,코스닥
2021,피에스텍,9.1,2.8,2.1,1.2,3.4,0,코스닥
2021,오픈베이스,20.3,14.0,7.0,1.2,16.8,0,코스닥
2021,에스에프에이,-6.6,0.8,-0.9,1.2,0.9,0,코스닥
2021,조이시티,39.8,32.3,96.1,1.2,38.5,0,코스닥
2021,이노션,-7.0,13.7,5.2,1.2,16.3,1,유가증권시장
2021,티비씨,28.0,6.3,2.8,1.2,7.5,0,코스닥
2021,경남스틸,152.0,32.3,13.4,1.2,37.9,0,코스닥
2021,삼영화학,15.6,14.3,3.6,1.2,16.8,1,유가증권시장
2021,디티앤씨,-5.7,7.1,-5.3,1.2,8.3,0,코스닥
2021,카카오,43.9,16.6,39.0,1.2,19.3,1,유가증권시장
2021,삼아제약,16.9,0.6,0.7,1.2,0.6,0,코스닥
2021,CS홀딩스,8.6,8.5,4.1,1.2,9.8,1,유가증권시장
2021,안트로젠,3.2,4.2,7.1,1.2,4.9,0,코스닥
2021,에프앤가이드,14.4,7.2,51.9,1.2,8.3,0,코스닥
2021,대아티아이,-1.7,1.7,15.0,1.1,2.0,0,코스닥
2021,광림,19.6,12.8,5.9,1.1,14.7,0,코스닥
2021,신원종합개발,135.9,8.8,6.6,1.1,10.1,0,코스닥
2021,원익머트리얼즈,1.0,8.5,2.3,1.1,9.7,0,코스닥
2021,로보티즈,79.6,4.3,0.1,1.1,4.9,0,코스닥
2021,현대건설,22.0,6.1,5.8,1.1,7.0,1,유가증권시장
2021,팬젠,-7.9,4.8,0.2,1.1,5.5,0,코스닥
2021,조선선재,2.3,6.9,3.3,1.1,7.8,1,유가증권시장
2021,미래생명자원,32.1,49.1,35.7,1.1,55.2,0,코스닥
2021,티에스아이,75.5,32.0,78.3,1.1,35.7,0,코스닥
2021,유니테크노,45.9,3.5,-13.1,1.1,3.9,0,코스닥
2021,SM Life Design,44.9,28.0,1.0,1.1,31.3,0,코스닥
2021,코웨이,2.3,14.1,11.8,1.1,15.7,1,유가증권시장
2021,세방,2.6,18.5,3.2,1.1,20.3,1,유가증권시장
2021,녹십자,-46.3,1.6,3.7,1.1,1.7,1,유가증권시장
2021,도이치모터스,2.7,23.9,1.2,1.1,26.0,0,코스닥
2021,비트컴퓨터,-13.8,-2.2,-4.5,1.1,-2.4,0,코스닥
2021,삼일기업공사,-5.3,13.4,4.9,1.1,14.2,0,코스닥
2021,상상인,29.3,3.2,56.3,1.1,3.4,0,코스닥
2021,케이프,-8.9,0.4,4.8,1.1,0.4,0,코스닥
2021,한국정보인증,-14.4,11.1,25.0,1.1,11.7,0,코스닥
2021,안랩,29.8,10.4,7.1,1.1,10.9,0,코스닥
2021,씨아이에스,52.7,6.3,14.3,1.0,6.6,0,코스닥
2021,대봉엘에스,-24.2,4.5,3.0,1.0,4.7,0,코스닥
2021,에스앤더블류,-19.2,-6.7,2.2,1.0,-6.9,0,코스닥
2021,알에프텍,-40.4,27.5,-10.4,1.0,28.6,0,코스닥
2021,사조씨푸드,-7.8,-12.8,2.0,1.0,-13.2,1,유가증권시장
2021,엠투아이,4.7,9.1,2.0,1.0,9.4,0,코스닥
2021,매일홀딩스,8.4,14.3,15.9,1.0,14.7,0,코스닥
2021,이루다,-0.2,21.3,49.9,1.0,21.9,0,코스닥
2021,바른손이앤에이,30.6,-4.3,-0.5,1.0,-4.4,0,코스닥
2021,아스트,2.9,5.1,1.0,1.0,5.2,0,코스닥
2021,신송홀딩스,27.1,-11.6,45.1,1.0,-11.8,1,유가증권시장
2021,RF머트리얼즈,4.5,33.4,5.0,1.0,34.0,0,코스닥
2021,LG생활건강,-32.3,3.6,1.5,1.0,3.7,1,유가증권시장
2021,에이텍티앤,5.2,12.1,-2.8,1.0,12.2,0,코스닥
2021,상신브레이크,20.9,10.9,8.0,1.0,10.8,1,유가증권시장
2021,베노홀딩스,-41.9,23.4,29.6,1.0,22.8,0,코스닥
2021,서연이화,-3.7,12.1,-4.4,1.0,11.7,1,유가증권시장
2021,인지컨트롤스,2.3,5.1,4.4,1.0,4.9,1,유가증권시장
2021,삼성공조,132.7,6.1,0.8,1.0,5.9,1,유가증권시장
2021,한화솔루션,-23.5,10.1,17.4,1.0,9.6,1,유가증권시장
2021,모헨즈,11.6,3.8,-6.3,0.9,3.6,0,코스닥
2021,한솔홀딩스,-3.7,8.6,0.6,0.9,8.2,1,유가증권시장
2021,TYM,12.1,19.5,-4.2,0.9,18.3,1,유가증권시장
2021,파라다이스,-2.3,-1.2,2.3,0.9,-1.1,0,코스닥
2021,신일제약,-48.3,0.3,-1.2,0.9,0.2,0,코스닥
2021,BNGT,0.0,50.5,25.1,0.9,46.4,0,코스닥
2021,휴니드,50.7,10.7,2.5,0.9,9.7,1,유가증권시장
2021,코리아에프티,13.7,15.4,-0.4,0.9,14.0,0,코스닥
2021,일진홀딩스,-1.4,22.1,7.6,0.9,20.1,1,유가증권시장
2021,세운메디칼,-33.9,-1.0,2.3,0.9,-1.0,0,코스닥
2021,NHN한국사이버결제,-27.5,32.2,7.3,0.9,29.1,0,코스닥
2021,예스코홀딩스,2.3,10.6,-9.8,0.9,9.5,1,유가증권시장
2021,써니전자,-8.4,0.0,11.3,0.9,0.0,1,유가증권시장
2021,오가닉티코스메틱,3.7,-9.1,2.4,0.9,-8.1,0,코스닥
2021,세방전지,10.2,6.6,6.2,0.9,5.8,1,유가증권시장
2021,서부T&D,20.5,0.6,-4.6,0.9,0.5,0,코스닥
2021,농우바이오,4.8,0.9,0.6,0.9,0.8,0,코스닥
2021,대한방직,23.7,11.8,7.3,0.9,10.2,1,유가증권시장
2021,환인제약,6.6,1.8,0.9,0.9,1.6,1,유가증권시장
2021,영보화학,19.4,-4.4,-1.4,0.9,-3.8,1,유가증권시장
2021,현대오토에버,11.7,47.1,42.3,0.9,40.7,1,유가증권시장
2021,캐리소프트,164.4,2.4,-1.4,0.9,2.1,0,코스닥
2021,피제이전자,21.2,10.8,13.2,0.9,9.3,0,코스닥
2021,모베이스,7.5,9.5,2.1,0.9,8.1,0,코스닥
2021,신영와코루,13.4,3.1,2.5,0.9,2.6,1,유가증권시장
2021,에스앤에스텍,-15.4,6.2,0.8,0.8,5.2,0,코스닥
2021,한일진공,-23.7,-3.6,2.5,0.8,-3.0,0,코스닥
2021,대성산업,46.2,26.9,52.3,0.8,22.8,1,유가증권시장
2021,LS ELECTRIC,-11.6,10.5,7.7,0.8,8.8,1,유가증권시장
2021,일진전기,61.2,28.4,4.2,0.8,23.8,1,유가증권시장
2021,화성밸브,-1.7,12.8,0.6,0.8,10.7,0,코스닥
2021,동원F&B,8.7,19.0,11.9,0.8,15.9,1,유가증권시장
2021,SNT중공업,52.1,4.1,-1.1,0.8,3.4,1,유가증권시장
2021,KTcs,16.7,8.8,4.9,0.8,7.3,1,유가증권시장
2021,조선내화,0.5,3.3,3.8,0.8,2.7,1,유가증권시장
2021,진성티이씨,-16.5,45.4,22.1,0.8,37.0,0,코스닥
2021,성신양회,126.1,10.2,2.3,0.8,8.3,1,유가증권시장
2021,동신건설,18.8,19.7,-1.5,0.8,15.5,0,코스닥
2021,코데즈컴바인,1.0,7.6,-2.9,0.8,6.0,0,코스닥
2021,디지틀조선,-1.3,3.6,5.0,0.8,2.9,0,코스닥
2021,차바이오텍,-0.5,4.8,5.0,0.8,3.7,0,코스닥
2021,한국종합기술,45.3,-6.0,0.8,0.8,-4.6,1,유가증권시장
2021,디에이테크놀로지,1.1,8.5,17.5,0.8,6.5,0,코스닥
2021,제노포커스,-25.7,6.3,10.1,0.8,4.8,0,코스닥
2021,셀트리온,-43.8,1.2,0.6,0.8,0.9,1,유가증권시장
2021,한국정보통신,4.0,13.8,18.4,0.8,10.5,0,코스닥
2021,엔바이오니아,49.8,2.3,38.0,0.8,1.8,0,코스닥
2021,와이즈버즈,2.1,0.0,-16.3,0.8,0.0,0,코스닥
2021,하이록코리아,24.5,2.3,-0.1,0.8,1.8,0,코스닥
2021,한진칼,-2.7,-0.4,3.0,0.7,-0.3,1,유가증권시장
2021,에스엘,92.0,21.2,5.8,0.7,15.8,1,유가증권시장
2021,DL,-18.8,5.9,-49.6,0.7,4.4,1,유가증권시장
2021,원익,-7.8,2.5,1.5,0.7,1.9,0,코스닥
2021,엠로,174.3,5.8,-24.0,0.7,4.3,0,코스닥
2021,에이치시티,11.5,11.7,29.1,0.7,8.5,0,코스닥
2021,동아쏘시오홀딩스,-6.1,6.5,5.6,0.7,4.7,1,유가증권시장
2021,가온전선,9.2,39.3,20.6,0.7,28.4,1,유가증권시장
2021,한화,11.0,1.0,4.1,0.7,0.7,1,유가증권시장
2021,폴라리스우노,15.0,22.1,38.9,0.7,15.8,0,코스닥
2021,삼부토건,-49.2,-4.6,1.1,0.7,-3.3,1,유가증권시장
2021,서울전자통신,-11.0,5.8,7.2,0.7,4.1,0,코스닥
2021,한화시스템,3.4,16.6,-0.3,0.7,11.8,1,유가증권시장
2021,윌비스,25.3,12.9,-0.8,0.7,9.1,1,유가증권시장
2021,LG헬로비전,43.3,1.5,-0.4,0.7,1.1,1,유가증권시장
2021,사조동아원,16.0,5.5,-0.4,0.7,3.8,1,유가증권시장
2021,KSS해운,14.5,9.1,28.3,0.7,6.3,1,유가증권시장
2021,GS글로벌,22.2,108.1,46.2,0.7,73.9,1,유가증권시장
2021,예스24,-14.5,11.3,16.4,0.7,7.7,0,코스닥
2021,모토닉,-10.2,4.0,0.3,0.7,2.7,1,유가증권시장
2021,데이타솔루션,-13.1,10.9,2.9,0.7,7.3,0,코스닥
2021,에스에이티,23.7,29.9,15.4,0.7,20.2,0,코스닥
2021,오로라,3.1,13.3,36.0,0.7,8.9,0,코스닥
2021,다우데이타,18.0,3.8,16.6,0.7,2.5,0,코스닥
2021,경농,2.1,5.9,-2.2,0.7,3.9,1,유가증권시장
2021,세화피앤씨,-21.7,9.1,3.5,0.7,6.0,0,코스닥
2021,NAVER,29.4,8.9,5.3,0.6,5.8,1,유가증권시장
2021,CJ제일제당,1.7,8.0,2.4,0.6,5.1,1,유가증권시장
2021,큐로컴,-44.5,-1.4,-4.8,0.6,-0.9,0,코스닥
2021,디와이,44.4,26.3,4.2,0.6,16.7,1,유가증권시장
2021,오션브릿지,-8.3,2.4,9.5,0.6,1.5,0,코스닥
2021,넥스턴바이오,46.8,7.3,43.9,0.6,4.6,0,코스닥
2021,삼성물산,-13.8,7.8,0.9,0.6,4.9,1,유가증권시장
2021,삼진제약,-3.5,5.5,15.9,0.6,3.4,1,유가증권시장
2021,케이디켐,53.2,6.6,3.1,0.6,4.1,0,코스닥
2021,KG이니시스,-5.7,14.4,-2.2,0.6,8.9,0,코스닥
2021,한솔PNS,14.7,16.9,-3.6,0.6,10.4,1,유가증권시장
2021,동방,82.2,0.7,-1.9,0.6,0.4,1,유가증권시장
2021,국전약품,15.5,8.2,-3.0,0.6,4.9,0,코스닥
2021,케이피티유,6.2,9.3,8.5,0.6,5.5,0,코스닥
2021,태양금속,20.3,13.3,2.8,0.6,7.9,1,유가증권시장
2021,대모,16.1,10.9,-0.8,0.6,6.4,0,코스닥
2021,퍼시스,20.7,7.9,8.0,0.6,4.7,1,유가증권시장
2021,우리바이오,-27.5,-12.4,-5.6,0.6,-7.3,0,코스닥
2021,동진쎄미켐,39.7,23.3,10.7,0.6,13.5,0,코스닥
2021,아이컴포넌트,68.4,13.3,3.2,0.6,7.6,0,코스닥
2021,세진중공업,-11.8,-7.9,17.9,0.6,-4.4,1,유가증권시장
2021,흥구석유,-0.8,20.7,-0.4,0.6,11.5,0,코스닥
2021,BYC,57.2,0.4,-3.5,0.6,0.2,1,유가증권시장
2021,오스테오닉,18.4,4.7,-16.4,0.6,2.6,0,코스닥
2021,대동금속,3.9,21.8,-7.6,0.6,12.1,0,코스닥
2021,우리엔터프라이즈,31.3,-11.1,-6.2,0.6,-6.1,0,코스닥
2021,아이쓰리시스템,-10.0,11.3,-10.1,0.5,6.2,0,코스닥
2021,와이제이엠게임즈,160.9,10.0,13.2,0.5,5.5,0,코스닥
2021,DSR,-8.3,16.4,13.7,0.5,8.9,1,유가증권시장
2021,파미셀,-24.6,18.8,25.6,0.5,10.2,1,유가증권시장
2021,대동,48.1,30.2,28.2,0.5,16.3,1,유가증권시장
2021,영우디에스피,-1.1,-21.1,-27.7,0.5,-11.4,0,코스닥
2021,서연탑메탈,-17.9,8.8,-13.3,0.5,4.5,0,코스닥
2021,메가엠디,10.3,-2.7,-2.9,0.5,-1.4,0,코스닥
2021,선광,115.6,1.6,-5.6,0.5,0.8,0,코스닥
2021,LG유플러스,15.7,2.4,3.9,0.5,1.2,1,유가증권시장
2021,한국파마,118.7,9.9,45.6,0.5,5.0,0,코스닥
2021,스타플렉스,26.4,13.4,-18.3,0.5,6.7,0,코스닥
2021,화천기공,5.7,11.2,9.2,0.5,5.6,1,유가증권시장
2021,구영테크,102.4,3.2,2.1,0.5,1.6,0,코스닥
2021,아이디스홀딩스,1.6,14.3,10.2,0.5,7.1,0,코스닥
2021,태평양물산,14.9,16.0,15.0,0.5,7.9,1,유가증권시장
2021,텔코웨어,-9.5,-1.3,-0.2,0.5,-0.6,1,유가증권시장
2021,EV수성,93.1,29.2,43.3,0.5,14.4,0,코스닥
2021,중앙백신,-12.8,4.4,2.4,0.5,2.1,0,코스닥
2021,SJM홀딩스,22.5,2.6,1.8,0.5,1.3,1,유가증권시장
2021,티와이홀딩스,1.8,10.1,-0.1,0.5,4.9,1,유가증권시장
2021,녹십자홀딩스,-34.6,3.7,0.6,0.5,1.8,1,유가증권시장
2021,모다이노칩,-6.8,-1.4,6.6,0.5,-0.7,0,코스닥
2021,NHN,15.6,11.1,8.7,0.5,5.3,1,유가증권시장
2021,태웅,-19.9,-2.8,-4.7,0.5,-1.3,0,코스닥
2021,팜스토리,96.5,10.5,20.4,0.5,4.9,0,코스닥
2021,애경산업,-22.4,-3.3,-3.7,0.5,-1.5,1,유가증권시장
2021,락앤락,14.3,5.2,2.3,0.5,2.4,1,유가증권시장
2021,스튜디오드래곤,-1.7,-5.1,6.9,0.5,-2.3,0,코스닥
2021,미디어젠,66.3,9.8,0.1,0.5,4.5,0,코스닥
2021,그래디언트,152.1,17.4,4.5,0.4,7.7,0,코스닥
2021,아이마켓코리아,22.4,26.4,0.9,0.4,11.7,1,유가증권시장
2021,대한유화,-20.4,29.7,10.2,0.4,12.9,1,유가증권시장
2021,현대모비스,-0.4,10.5,2.0,0.4,4.5,1,유가증권시장
2021,지란지교시큐리티,7.4,-0.8,2.8,0.4,-0.3,0,코스닥
2021,SJM,48.7,3.1,1.9,0.4,1.3,1,유가증권시장
2021,대원산업,24.6,23.6,0.5,0.4,9.6,0,코스닥
2021,현대위아,49.3,12.1,-1.8,0.4,4.8,1,유가증권시장
2021,네오팜,-13.1,4.7,-1.6,0.4,1.9,0,코스닥
2021,부광약품,-54.1,3.2,-3.1,0.4,1.3,1,유가증권시장
2021,CJ씨푸드,-25.5,9.7,-2.4,0.4,3.8,1,유가증권시장
2021,CJ ENM,-0.5,2.6,19.8,0.4,1.0,0,코스닥
2021,세원물산,0.0,17.2,-12.9,0.4,6.8,0,코스닥
2021,태원물산,45.7,-4.2,-1.5,0.4,-1.7,1,유가증권시장
2021,한미사이언스,-27.4,10.0,-0.5,0.4,3.9,1,유가증권시장
2021,씨에스윈드,-25.8,26.6,44.3,0.4,10.2,1,유가증권시장
2021,KG모빌리언스,17.9,8.0,-0.1,0.4,3.0,0,코스닥
2021,포인트모바일,-34.6,34.6,6.0,0.4,13.0,0,코스닥
2021,SK렌터카,13.3,7.8,27.5,0.4,2.9,1,유가증권시장
2021,DSR제강,-3.2,15.0,13.5,0.4,5.5,1,유가증권시장
2021,동구바이오제약,-3.0,11.0,3.4,0.4,4.0,0,코스닥
2021,롯데지주,-15.3,5.0,8.7,0.4,1.8,1,유가증권시장
2021,이마트,-0.3,13.0,31.3,0.4,4.6,1,유가증권시장
2021,로스웰,13.4,-9.3,-16.5,0.4,-3.3,0,코스닥
2021,성창기업지주,9.4,3.8,-1.4,0.3,1.3,1,유가증권시장
2021,코아시아옵틱스,-19.7,106.8,57.3,0.3,34.9,0,코스닥
2021,와토스코리아,11.5,2.2,1.7,0.3,0.7,0,코스닥
2021,한양이엔지,-1.2,24.4,6.5,0.3,7.8,0,코스닥
2021,케이엠제약,-23.7,-0.4,6.6,0.3,-0.1,0,코스닥
2021,원익홀딩스,-21.5,12.0,6.9,0.3,3.6,0,코스닥
2021,삼영무역,3.2,14.0,0.5,0.3,4.2,1,유가증권시장
2021,현대공업,-12.8,24.2,1.7,0.3,7.2,0,코스닥
2021,포메탈,14.5,15.6,0.0,0.3,4.6,0,코스닥
2021,SK텔레콤,41.0,1.4,-10.3,0.3,0.4,1,유가증권시장
2021,한창제지,-17.7,5.9,29.6,0.3,1.7,1,유가증권시장
2021,아이텍,7.9,13.1,-19.0,0.3,3.6,0,코스닥
2021,엘비세미콘,-9.5,10.1,10.6,0.3,2.8,0,코스닥
2021,경창산업,39.0,14.8,-4.0,0.3,4.1,0,코스닥
2021,고려제약,-13.3,9.2,-0.7,0.3,2.5,0,코스닥
2021,이화전기,-10.2,5.3,16.5,0.3,1.4,0,코스닥
2021,서울반도체,-25.1,11.1,9.1,0.3,3.0,0,코스닥
2021,티사이언티픽,16.9,0.5,45.4,0.3,0.1,0,코스닥
2021,신도기연,-21.2,-2.1,-1.7,0.2,-0.5,0,코스닥
2021,한컴위드,49.8,2.4,8.8,0.2,0.6,0,코스닥
2021,제이엘케이,-24.8,-1.5,0.7,0.2,-0.4,0,코스닥
2021,동아지질,16.6,-7.5,0.9,0.2,-1.8,1,유가증권시장
2021,YTN,-1.7,4.0,6.6,0.2,0.9,0,코스닥
2021,미래아이앤지,19.3,2.2,27.9,0.2,0.5,1,유가증권시장
2021,천일고속,-4.4,-2.7,-3.4,0.2,-0.6,1,유가증권시장
2021,보령,-6.7,10.1,7.2,0.2,2.3,1,유가증권시장
2021,한국유니온제약,-44.8,-2.1,39.0,0.2,-0.5,0,코스닥
2021,네오크레마,93.0,0.1,0.4,0.2,0.0,0,코스닥
2021,휴네시온,15.8,3.4,3.5,0.2,0.7,0,코스닥
2021,유진기업,2.4,4.4,-53.5,0.2,0.9,0,코스닥
2021,대림B&Co,15.5,8.6,0.2,0.2,1.8,1,유가증권시장
2021,SNT모티브,-4.8,0.1,-3.7,0.2,0.0,1,유가증권시장
2021,CJ대한통운,-23.9,5.8,-6.5,0.2,1.1,1,유가증권시장
2021,롯데정보통신,-10.0,12.4,12.4,0.2,2.3,1,유가증권시장
2021,대한제분,-6.9,13.0,12.6,0.2,2.4,1,유가증권시장
2021,위즈코프,157.2,14.2,6.1,0.2,2.6,0,코스닥
2021,퍼스텍,30.8,2.6,3.5,0.2,0.5,1,유가증권시장
2021,매일유업,-1.7,11.9,24.1,0.2,2.1,0,코스닥
2021,아모그린텍,-24.0,9.7,5.7,0.2,1.7,0,코스닥
2021,다날,205.4,9.8,19.8,0.2,1.7,0,코스닥
2021,세종공업,-5.6,35.0,0.6,0.2,6.1,1,유가증권시장
2021,핸디소프트,22.1,-0.9,5.6,0.2,-0.2,0,코스닥
2021,현대에너지솔루션,-46.3,43.4,34.0,0.2,6.8,1,유가증권시장
2021,현대코퍼레이션,5.3,74.0,36.1,0.2,11.1,1,유가증권시장
2021,TPC,-7.6,-1.5,0.6,0.1,-0.2,0,코스닥
2021,영림원소프트랩,-20.8,7.3,-0.1,0.1,1.1,0,코스닥
2021,HLB테라퓨틱스,-51.5,0.5,31.2,0.1,0.1,0,코스닥
2021,커머스마이너,0.0,32.4,-9.7,0.1,4.7,0,코스닥
2021,한국타이어앤테크놀로지,0.8,6.5,2.4,0.1,0.8,1,유가증권시장
2021,한온시스템,-17.2,6.1,2.4,0.1,0.8,1,유가증권시장
2021,지니틱스,29.1,-3.7,4.4,0.1,-0.5,0,코스닥
2021,에스앤디,-26.9,10.7,6.2,0.1,1.3,0,코스닥
2021,리드코프,26.0,10.9,21.1,0.1,1.3,0,코스닥
2021,혜인,10.0,-5.4,-8.2,0.1,-0.6,1,유가증권시장
2021,무림페이퍼,-7.6,4.8,4.0,0.1,0.6,1,유가증권시장
2021,에스퓨얼셀,-25.2,0.3,-1.5,0.1,0.0,0,코스닥
2021,인피니트헬스케어,4.2,6.8,1.5,0.1,0.8,0,코스닥
2021,상신이디피,11.4,28.4,6.4,0.1,3.1,0,코스닥
2021,한네트,5.4,-2.5,-9.9,0.1,-0.3,0,코스닥
2021,대성파인텍,-3.5,0.9,-5.0,0.1,0.1,0,코스닥
2021,콘텐트리중앙,43.9,21.5,22.8,0.1,2.1,1,유가증권시장
2021,레드캡투어,8.3,-0.1,5.8,0.1,0.0,0,코스닥
2021,큐브엔터,162.9,59.1,5.9,0.1,4.1,0,코스닥
2021,한빛소프트,53.9,15.5,-0.3,0.1,1.0,0,코스닥
2021,동양고속,-31.0,-1.4,14.0,0.1,-0.1,1,유가증권시장
2021,코리아센터,-14.3,9.0,1.7,0.1,0.5,0,코스닥
2021,갤럭시아머니트리,273.8,5.0,14.3,0.1,0.3,0,코스닥
2021,삼보모터스,-10.3,11.1,-5.0,0.0,0.5,0,코스닥
2021,비씨월드제약,-32.8,2.4,5.8,0.0,0.1,0,코스닥
2021,일성신약,-10.8,0.4,0.5,0.0,0.0,1,유가증권시장
2021,한국전자금융,-4.2,2.6,0.4,0.0,0.1,0,코스닥
2021,대한화섬,21.6,4.2,7.0,0.0,0.1,1,유가증권시장
2021,영신금속,22.2,9.2,3.6,0.0,0.1,0,코스닥
2021,국보디자인,19.3,13.0,5.4,0.0,0.0,0,코스닥
2021,어보브반도체,-19.5,16.6,-11.8,0.0,0.0,0,코스닥
2021,현대두산인프라코어,5.6,5.0,-34.3,0.0,0.0,1,유가증권시장
2021,일진다이아,-36.6,7.7,19.2,0.0,0.0,1,유가증권시장
2021,팅크웨어,66.7,12.3,23.5,0.0,-0.1,0,코스닥
2021,SK네트웍스,3.4,4.5,5.6,0.0,-0.1,1,유가증권시장
2021,위드텍,-23.4,11.0,-1.2,0.0,-0.3,0,코스닥
2021,소룩스,-46.6,18.6,3.6,0.0,-0.5,0,코스닥
2021,교촌에프앤비,-14.7,26.1,-0.5,0.0,-0.8,1,유가증권시장
2021,대교,5.7,1.3,1.3,0.0,0.0,1,유가증권시장
2021,이연제약,60.9,4.0,45.7,0.0,-0.1,1,유가증권시장
2021,쌍용C&E,15.4,5.7,8.2,0.0,-0.2,1,유가증권시장
2021,현대로템,20.9,2.1,-0.3,0.0,-0.1,1,유가증권시장
2021,삼천리자전거,19.6,5.0,-7.1,0.0,-0.2,0,코스닥
2021,한독,-31.5,1.7,2.5,0.0,-0.1,1,유가증권시장
2021,인팩,115.9,17.2,8.6,0.0,-0.8,1,유가증권시장
2021,신라섬유,7.4,0.5,-0.4,-0.1,0.0,0,코스닥
2021,푸른기술,4.6,18.7,6.2,-0.1,-1.1,0,코스닥
2021,씨큐브,-6.1,3.6,-4.6,-0.1,-0.2,0,코스닥
2021,푸드웰,-5.5,7.7,1.6,-0.1,-0.5,0,코스닥
2021,SNT홀딩스,18.1,-1.4,-2.7,-0.1,0.1,1,유가증권시장
2021,삼영엠텍,-18.5,1.6,3.7,-0.1,-0.1,0,코스닥
2021,시티랩스,-22.7,1.2,-18.3,-0.1,-0.1,0,코스닥
2021,CMG제약,-33.7,2.6,0.1,-0.1,-0.2,0,코스닥
2021,LG전자,2.2,34.6,5.6,-0.1,-3.0,1,유가증권시장
2021,모바일리더,6.1,1.7,2.2,-0.1,-0.1,0,코스닥
2021,스카이라이프,3.7,7.0,32.0,-0.1,-0.6,1,유가증권시장
2021,진에어,28.1,-4.4,-5.3,-0.1,0.4,1,유가증권시장
2021,정원엔시스,27.8,-7.1,8.4,-0.1,0.7,0,코스닥
2021,대구백화점,27.5,-1.8,-2.7,-0.1,0.2,1,유가증권시장
2021,남양유업,42.8,0.7,-0.3,-0.1,-0.1,1,유가증권시장
2021,초록뱀헬스케어,-40.5,8.7,-3.8,-0.1,-1.0,1,유가증권시장
2021,아진산업,9.8,6.2,-6.6,-0.1,-0.7,0,코스닥
2021,오리온,-16.5,4.7,2.3,-0.1,-0.6,1,유가증권시장
2021,엠케이전자,75.4,4.1,4.7,-0.1,-0.5,0,코스닥
2021,중앙에너비스,89.5,10.0,-6.9,-0.1,-1.3,0,코스닥
2021,지엘팜텍,-14.5,1.3,-17.8,-0.1,-0.2,0,코스닥
2021,코스온,-40.3,-28.9,-2.7,-0.1,4.2,0,코스닥
2021,동화약품,-27.5,4.8,-0.8,-0.2,-0.7,1,유가증권시장
2021,베뉴지,16.6,0.3,1.2,-0.2,0.0,0,코스닥
2021,롯데제과,18.1,2.6,-0.9,-0.2,-0.4,1,유가증권시장
2021,LX하우시스,-21.2,18.2,5.7,-0.2,-2.8,1,유가증권시장
2021,디모아,0.0,8.5,-28.7,-0.2,-1.4,0,코스닥
2021,덕산하이메탈,60.5,16.3,15.7,-0.2,-2.7,0,코스닥
2021,디스플레이텍,137.0,55.4,15.9,-0.2,-9.4,0,코스닥
2021,무림SP,1.7,2.3,2.1,-0.2,-0.4,0,코스닥
2021,한진,-37.0,7.6,-1.2,-0.2,-1.3,1,유가증권시장
2021,삼원강재,20.1,20.9,2.6,-0.2,-3.6,1,유가증권시장
2021,삼호개발,19.3,-14.7,-8.1,-0.2,2.6,1,유가증권시장
2021,화일약품,-37.6,-9.8,-0.2,-0.2,1.8,0,코스닥
2021,BGF,8.1,3.2,7.7,-0.2,-0.6,1,유가증권시장
2021,에이프로젠제약,-31.2,0.5,0.1,-0.2,-0.1,1,유가증권시장
2021,광동제약,-27.5,11.4,3.4,-0.2,-2.3,1,유가증권시장
2021,동일기연,23.0,1.5,-0.6,-0.2,-0.3,0,코스닥
2021,디에이피,3.3,2.9,-3.8,-0.2,-0.6,0,코스닥
2021,피엔티,79.1,-2.8,20.2,-0.2,0.6,0,코스닥
2021,TKG휴켐스,-9.7,30.9,5.8,-0.2,-6.6,1,유가증권시장
2021,테라젠이텍스,-38.1,4.4,-6.6,-0.2,-0.9,0,코스닥
2021,케이에스피,23.5,9.4,0.8,-0.2,-2.0,0,코스닥
2021,코렌텍,-30.5,4.3,13.0,-0.2,-0.9,0,코스닥
2021,엔피디,-22.6,40.9,21.1,-0.2,-9.3,0,코스닥
2021,벽산,56.3,6.9,9.1,-0.2,-1.6,1,유가증권시장
2021,에이프로젠 H&G,-5.5,-0.8,-0.4,-0.2,0.2,0,코스닥
2021,케이피에프,-6.0,49.6,56.2,-0.3,-12.6,0,코스닥
2021,티피씨글로벌,56.4,0.9,-9.7,-0.3,-0.2,0,코스닥
2021,한국단자,22.7,16.2,6.3,-0.3,-4.5,1,유가증권시장
2021,대유플러스,69.2,12.5,21.8,-0.3,-3.7,1,유가증권시장
2021,삼기,4.0,39.2,1.9,-0.3,-11.6,0,코스닥
2021,이노와이어리스,-28.6,-1.8,0.8,-0.3,0.5,0,코스닥
2021,쌍방울,28.6,-0.1,9.2,-0.3,0.0,1,유가증권시장
2021,화승코퍼레이션,48.2,7.3,-0.5,-0.3,-2.2,1,유가증권시장
2021,비비안,-21.6,2.4,-2.1,-0.3,-0.8,1,유가증권시장
2021,NICE,-17.7,14.4,10.3,-0.3,-4.7,1,유가증권시장
2021,인트로메딕,94.8,6.1,12.6,-0.3,-2.0,0,코스닥
2021,아센디오,-55.9,0.2,56.5,-0.3,-0.1,1,유가증권시장
2021,대성홀딩스,90.3,4.8,4.0,-0.3,-1.6,1,유가증권시장
2021,본느,-5.1,32.6,62.5,-0.3,-11.3,0,코스닥
2021,텔콘RF제약,-51.7,2.5,-17.4,-0.4,-0.9,0,코스닥
2021,대한약품,-12.9,2.1,-0.6,-0.4,-0.8,0,코스닥
2021,에이엔피,33.6,-12.3,-10.7,-0.4,4.4,1,유가증권시장
2021,팜스코,26.9,20.5,11.3,-0.4,-7.4,1,유가증권시장
2021,탑엔지니어링,-20.4,-16.4,4.5,-0.4,6.0,0,코스닥
2021,휴메딕스,0.8,7.1,18.9,-0.4,-2.6,0,코스닥
2021,대한제당,31.6,4.1,0.3,-0.4,-1.5,1,유가증권시장
2021,더블유게임즈,-3.8,-3.3,9.9,-0.4,1.2,1,유가증권시장
2021,대화제약,-39.7,4.5,2.9,-0.4,-1.7,0,코스닥
2021,하나기술,-28.6,20.9,45.9,-0.4,-7.9,0,코스닥
2021,오공,-15.2,14.4,-5.0,-0.4,-5.5,0,코스닥
2021,유성티엔에스,6.4,-2.9,0.9,-0.4,1.1,0,코스닥
2021,경동나비엔,5.4,31.2,13.2,-0.4,-11.9,1,유가증권시장
2021,지니뮤직,48.2,2.0,44.2,-0.4,-0.8,0,코스닥
2021,SGA솔루션즈,17.3,-34.3,11.5,-0.4,13.3,0,코스닥
2021,압타머사이언스,-36.9,0.1,0.1,-0.4,0.0,0,코스닥
2021,비츠로셀,-13.0,0.0,3.8,-0.4,0.0,0,코스닥
2021,삼강엠앤티,-0.2,11.5,20.1,-0.4,-4.6,0,코스닥
2021,멜파스,-0.3,-40.2,-11.0,-0.4,16.0,0,코스닥
2021,테크윙,-4.4,6.7,18.9,-0.4,-2.7,0,코스닥
2021,계양전기,-5.4,4.3,-2.3,-0.4,-1.8,1,유가증권시장
2021,대유에이텍,53.3,16.2,17.5,-0.4,-6.8,1,유가증권시장
2021,롯데쇼핑,-14.9,-1.9,-0.3,-0.4,0.8,1,유가증권시장
2021,야스,22.1,-2.7,12.5,-0.4,1.2,0,코스닥
2021,한국알콜,-9.6,26.3,5.0,-0.4,-11.3,0,코스닥
2021,디엔에프,7.8,20.4,3.0,-0.4,-8.8,0,코스닥
2021,YW,5.8,-1.4,-19.2,-0.4,0.6,0,코스닥
2021,SG&G,52.4,-1.4,2.1,-0.4,0.6,0,코스닥
2021,풀무원,4.5,12.3,11.7,-0.4,-5.4,1,유가증권시장
2021,동서,-8.7,2.8,0.4,-0.4,-1.2,1,유가증권시장
2021,초록뱀컴퍼니,-15.6,23.8,92.9,-0.4,-10.7,0,코스닥
2021,모바일어플라이언스,-18.1,8.2,4.0,-0.5,-3.7,0,코스닥
2021,펌텍코리아,7.3,8.8,1.2,-0.5,-4.0,0,코스닥
2021,보해양조,-1.3,3.5,-1.1,-0.5,-1.6,1,유가증권시장
2021,DMS,-22.1,-0.4,-1.9,-0.5,0.2,0,코스닥
2021,금화피에스시,9.5,1.2,-1.1,-0.5,-0.5,0,코스닥
2021,CS,72.8,-6.6,24.1,-0.5,3.2,0,코스닥
2021,무학,16.3,-2.1,12.4,-0.5,1.0,1,유가증권시장
2021,오텍,-31.9,15.6,10.0,-0.5,-7.7,0,코스닥
2021,배럴,-8.0,-10.5,11.9,-0.5,5.2,0,코스닥
2021,인성정보,17.2,8.9,-10.7,-0.5,-4.5,0,코스닥
2021,HLB제약,-21.1,20.0,-15.8,-0.5,-10.1,0,코스닥
2021,고려시멘트,27.1,-3.9,5.8,-0.5,2.0,0,코스닥
2021,안국약품,-17.7,10.0,4.5,-0.5,-5.1,0,코스닥
2021,와이어블,-28.5,-7.2,-6.5,-0.5,3.7,0,코스닥
2021,유니온머티리얼,-18.6,13.4,0.8,-0.5,-6.9,1,유가증권시장
2021,우진비앤지,-27.0,-0.2,-4.7,-0.5,0.1,0,코스닥
2021,희림,75.7,4.9,1.3,-0.5,-2.5,0,코스닥
2021,한일시멘트,100.0,12.4,-5.4,-0.5,-6.4,1,유가증권시장
2021,이화산업,-2.5,2.3,-23.9,-0.5,-1.2,1,유가증권시장
2021,영풍정밀,12.0,-3.7,4.0,-0.6,2.0,0,코스닥
2021,씨씨에스,-44.0,-1.5,-11.0,-0.6,0.9,0,코스닥
2021,하이트진로홀딩스,-18.9,-1.4,7.8,-0.6,0.8,1,유가증권시장
2021,지투알,23.7,15.6,3.5,-0.6,-8.9,1,유가증권시장
2021,성도이엔지,24.9,4.4,1.6,-0.6,-2.6,0,코스닥
2021,삼화왕관,10.4,3.9,-0.9,-0.6,-2.3,1,유가증권시장
2021,동방아그로,13.6,2.3,1.6,-0.6,-1.4,1,유가증권시장
2021,참엔지니어링,-13.5,-2.4,-6.7,-0.6,1.4,1,유가증권시장
2021,잇츠한불,-32.1,-1.2,-0.7,-0.6,0.7,1,유가증권시장
2021,한국석유,115.0,45.8,5.0,-0.6,-27.3,1,유가증권시장
2021,헝셩그룹,-32.2,-6.4,2.4,-0.6,3.9,0,코스닥
2021,동원시스템즈,43.4,13.7,14.9,-0.6,-8.4,1,유가증권시장
2021,GS리테일,-11.8,12.6,7.4,-0.6,-7.7,1,유가증권시장
2021,서흥,-13.3,5.7,-1.2,-0.6,-3.5,1,유가증권시장
2021,오파스넷,-34.0,19.2,38.4,-0.6,-12.1,0,코스닥
2021,세이브존I&C,1.4,-2.2,-0.2,-0.6,1.4,1,유가증권시장
2021,동아타이어,24.5,9.2,5.4,-0.6,-6.0,1,유가증권시장
2021,아시아경제,63.5,-16.6,18.2,-0.6,10.8,0,코스닥
2021,현대그린푸드,-2.2,8.1,0.7,-0.7,-5.2,1,유가증권시장
2021,현대무벡스,-46.6,24.6,3.6,-0.7,-16.3,0,코스닥
2021,인텔리안테크,84.4,18.3,15.3,-0.7,-12.2,0,코스닥
2021,삼표시멘트,18.5,1.9,3.7,-0.7,-1.3,0,코스닥
2021,한일화학,56.1,19.0,-2.2,-0.7,-12.7,0,코스닥
2021,한라,10.2,-4.6,-10.6,-0.7,3.1,1,유가증권시장
2021,넥센,-1.5,10.3,6.1,-0.7,-7.0,1,유가증권시장
2021,더존비즈온,-29.8,1.5,-0.9,-0.7,-1.1,1,유가증권시장
2021,삼성에스디에스,-12.3,28.5,8.5,-0.7,-19.8,1,유가증권시장
2021,넥스트아이,-22.3,-3.7,-2.5,-0.7,2.6,0,코스닥
2021,아시아나IDT,-29.0,-10.3,-4.0,-0.7,7.4,1,유가증권시장
2021,DB,19.3,11.5,1.1,-0.7,-8.3,1,유가증권시장
2021,수산아이앤티,39.4,2.2,2.2,-0.7,-1.6,0,코스닥
2021,동성화인텍,-2.1,-9.3,6.5,-0.7,6.8,0,코스닥
2021,하이트진로,-5.3,-1.6,9.5,-0.7,1.2,1,유가증권시장
2021,아이윈,231.9,5.7,2.2,-0.7,-4.2,0,코스닥
2021,유니온,26.7,7.5,1.2,-0.7,-5.6,1,유가증권시장
2021,와이솔,-35.1,8.5,-5.8,-0.7,-6.3,0,코스닥
2021,뉴인텍,22.1,22.0,54.7,-0.7,-16.5,0,코스닥
2021,오성첨단소재,-42.6,4.9,15.5,-0.7,-3.6,0,코스닥
2021,GS건설,4.8,-7.9,6.2,-0.8,6.0,1,유가증권시장
2021,리메드,-18.8,4.8,3.3,-0.8,-3.7,0,코스닥
2021,대호에이엘,36.8,21.7,2.2,-0.8,-16.6,1,유가증권시장
2021,화신정공,16.9,5.2,-3.3,-0.8,-4.1,0,코스닥
2021,한일홀딩스,32.2,7.0,-4.9,-0.8,-5.6,1,유가증권시장
2021,THE E&M,-46.3,-1.9,17.9,-0.8,1.5,0,코스닥
2021,에이프로젠,-17.6,1.7,-2.9,-0.8,-1.3,1,유가증권시장
2021,현대엘리베이,3.8,5.8,9.5,-0.8,-4.6,1,유가증권시장
2021,유바이오로직스,64.6,7.0,-16.6,-0.8,-5.7,0,코스닥
2021,비피도,-6.2,-0.5,-5.3,-0.8,0.4,0,코스닥
2021,에코바이오,-25.4,-2.7,21.4,-0.8,2.2,0,코스닥
2021,피에이치에이,10.1,-2.3,-3.9,-0.8,1.9,0,코스닥
2021,광명전기,27.9,8.2,-0.8,-0.8,-6.8,1,유가증권시장
2021,대상,-10.6,14.1,7.8,-0.8,-11.8,1,유가증권시장
2021,조비,11.4,12.5,15.8,-0.8,-10.5,1,유가증권시장
2021,코아시아,7.0,-3.8,11.9,-0.8,3.3,0,코스닥
2021,한전KPS,29.8,5.7,1.2,-0.8,-4.8,1,유가증권시장
2021,KT서브마린,1.7,-19.1,-2.8,-0.8,16.2,0,코스닥
2021,NEW,90.8,9.2,3.7,-0.9,-7.8,0,코스닥
2021,진양홀딩스,30.2,2.4,3.1,-0.9,-2.1,1,유가증권시장
2021,세기상사,-14.2,38.6,19.6,-0.9,-33.3,1,유가증권시장
2021,일신석재,19.4,17.0,-2.3,-0.9,-14.7,1,유가증권시장
2021,노루홀딩스,16.4,10.2,-0.1,-0.9,-8.9,1,유가증권시장
2021,지엔씨에너지,-21.7,-9.9,8.5,-0.9,8.6,0,코스닥
2021,씨젠,-37.1,22.4,-3.8,-0.9,-19.5,0,코스닥
2021,서울바이오시스,-31.2,9.8,26.5,-0.9,-8.6,0,코스닥
2021,파인디지털,-8.4,-3.8,-2.1,-0.9,3.4,0,코스닥
2021,도화엔지니어링,-6.1,0.5,8.5,-0.9,-0.5,1,유가증권시장
2021,현대코퍼레이션홀딩스,5.8,-9.8,4.1,-0.9,8.8,1,유가증권시장
2021,E1,8.0,32.8,3.7,-0.9,-29.9,1,유가증권시장
2021,비나텍,-7.7,2.8,13.8,-0.9,-2.6,0,코스닥
2021,한전산업,156.0,-5.0,-1.4,-0.9,4.7,1,유가증권시장
2021,키이스트,10.8,-2.3,-15.0,-0.9,2.1,0,코스닥
2021,동일금속,61.7,7.6,6.2,-0.9,-7.1,0,코스닥
2021,한라IMS,19.0,1.7,26.9,-0.9,-1.6,0,코스닥
2021,팬엔터테인먼트,-20.8,5.5,3.5,-0.9,-5.1,0,코스닥
2021,삼륭물산,-29.8,0.7,0.9,-0.9,-0.6,0,코스닥
2021,알톤스포츠,4.3,15.5,19.8,-0.9,-14.5,0,코스닥
2021,파워넷,-5.6,50.5,21.7,-0.9,-47.6,0,코스닥
2021,그린플러스,23.0,23.1,-16.0,-0.9,-21.8,0,코스닥
2021,에이디테크놀로지,-20.9,13.5,-0.9,-1.0,-12.8,0,코스닥
2021,금호타이어,21.8,11.2,9.9,-1.0,-10.8,1,유가증권시장
2021,웹젠,-16.5,-1.7,0.2,-1.0,1.7,0,코스닥
2021,젬백스링크,21.3,8.1,-1.5,-1.0,-7.9,0,코스닥
2021,에프에스티,-4.9,21.2,20.9,-1.0,-20.8,0,코스닥
2021,넥센타이어,10.2,10.8,6.5,-1.0,-10.7,1,유가증권시장
2021,케이씨텍,-21.8,6.1,2.1,-1.0,-6.0,1,유가증권시장
2021,센트랄모텍,-15.9,19.0,4.6,-1.0,-18.8,1,유가증권시장
2021,케이씨티,18.8,-12.1,3.8,-1.0,12.0,0,코스닥
2021,대원강업,-2.5,0.1,-3.9,-1.0,-0.1,1,유가증권시장
2021,남해화학,27.9,75.0,18.8,-1.0,-75.2,1,유가증권시장
2021,한국주강,243.2,24.6,12.2,-1.0,-24.7,1,유가증권시장
2021,노루페인트,50.4,13.2,-1.1,-1.0,-13.4,1,유가증권시장
2021,두산퓨얼셀,-10.3,-10.2,-12.3,-1.0,10.4,1,유가증권시장
2021,대원전선,63.9,56.1,24.1,-1.0,-57.7,1,유가증권시장
2021,비엘팜텍,-21.8,14.0,2.5,-1.0,-14.5,0,코스닥
2021,영풍제지,18.8,11.1,1.0,-1.0,-11.6,1,유가증권시장
2021,MDS테크,79.0,4.8,23.3,-1.1,-5.1,0,코스닥
2021,플랜티넷,45.9,5.5,5.1,-1.1,-5.9,0,코스닥
2021,세림B&G,3.7,29.5,3.2,-1.1,-31.6,0,코스닥
2021,모두투어,6.3,-15.8,-7.6,-1.1,17.0,0,코스닥
2021,삼양패키징,17.6,4.3,6.1,-1.1,-4.7,1,유가증권시장
2021,경동제약,2.2,1.3,1.0,-1.1,-1.4,0,코스닥
2021,바이넥스,-42.7,0.5,-1.8,-1.1,-0.6,0,코스닥
2021,삼양사,3.8,12.9,5.9,-1.1,-14.5,1,유가증권시장
2021,세원이앤씨,-23.4,-8.2,-9.9,-1.1,9.3,1,유가증권시장
2021,성호전자,4.6,18.4,26.4,-1.1,-20.9,0,코스닥
2021,동국알앤에스,33.7,8.5,3.6,-1.1,-9.7,0,코스닥
2021,우성,-6.7,29.3,11.6,-1.1,-33.6,1,유가증권시장
2021,조광페인트,29.4,10.6,7.1,-1.1,-12.2,1,유가증권시장
2021,알루코,-28.0,1.5,6.8,-1.2,-1.7,1,유가증권시장
2021,오하임아이엔티,68.4,15.2,16.9,-1.2,-17.6,0,코스닥
2021,디아이티,-2.7,14.1,-5.2,-1.2,-16.5,0,코스닥
2021,KT&G,-4.9,1.5,0.4,-1.2,-1.8,1,유가증권시장
2021,삼일,41.8,1.7,-9.8,-1.2,-2.0,0,코스닥
2021,HDC현대EP,-10.1,32.5,8.2,-1.2,-38.4,1,유가증권시장
2021,현대에버다임,20.9,21.8,6.3,-1.2,-25.9,0,코스닥
2021,케이씨,-17.4,-2.6,0.3,-1.2,3.1,1,유가증권시장
2021,조광피혁,-7.9,2.0,10.4,-1.2,-2.5,1,유가증권시장
2021,원림,-2.0,6.4,-5.1,-1.3,-8.0,1,유가증권시장
2021,피엔케이피부임상연구센타,-19.5,4.7,-0.4,-1.3,-5.9,0,코스닥
2021,신대양제지,34.3,8.9,1.2,-1.3,-11.3,1,유가증권시장
2021,해태제과식품,-3.4,0.6,6.1,-1.3,-0.8,1,유가증권시장
2021,메디포스트,-38.2,2.8,-5.0,-1.3,-3.6,0,코스닥
2021,와이투솔루션,0.0,-5.2,-44.5,-1.3,6.6,1,유가증권시장
2021,동성제약,-32.7,-2.7,-10.0,-1.3,3.5,1,유가증권시장
2021,에스원,-13.1,4.7,0.4,-1.3,-6.1,1,유가증권시장
2021,위니아,47.3,33.7,33.4,-1.3,-44.5,0,코스닥
2021,STX엔진,31.9,-11.5,1.3,-1.3,15.2,1,유가증권시장
2021,엔지켐생명과학,-43.6,-2.3,5.7,-1.3,3.1,0,코스닥
2021,레이,6.4,39.4,56.0,-1.3,-52.7,0,코스닥
2021,알서포트,-39.8,8.1,-6.3,-1.3,-10.8,0,코스닥
2021,엘브이엠씨홀딩스,-5.5,-10.7,-9.3,-1.3,14.4,1,유가증권시장
2021,오뚜기,-21.0,6.1,7.3,-1.4,-8.3,1,유가증권시장
2021,크라운해태홀딩스,-2.6,0.5,1.8,-1.4,-0.6,1,유가증권시장
2021,에프알텍,-45.7,-1.9,1.1,-1.4,2.6,0,코스닥
2021,지누스,-18.0,15.0,6.5,-1.4,-20.7,1,유가증권시장
2021,대정화금,-42.7,5.4,-3.2,-1.4,-7.5,0,코스닥
2021,비엘,32.3,10.9,-3.6,-1.4,-15.0,0,코스닥
2021,대원제약,-10.1,13.6,26.5,-1.4,-19.0,1,유가증권시장
2021,에이비프로바이오,-47.4,-1.7,1.5,-1.4,2.4,0,코스닥
2021,ES큐브,-11.1,6.3,45.0,-1.4,-8.9,0,코스닥
2021,원풍,20.3,18.1,2.9,-1.4,-25.6,0,코스닥
2021,대한전선,29.9,33.4,16.1,-1.4,-47.9,1,유가증권시장
2021,비엠티,1.8,12.4,20.6,-1.4,-17.8,0,코스닥
2021,대상홀딩스,-4.9,14.8,13.1,-1.4,-21.2,1,유가증권시장
2021,에스에이티이엔지,82.2,3.1,-24.2,-1.5,-4.5,0,코스닥
2021,농심홀딩스,-2.1,4.6,1.2,-1.5,-6.8,1,유가증권시장
2021,영풍,21.7,8.0,6.6,-1.5,-11.7,1,유가증권시장
2021,KPX홀딩스,5.1,16.8,4.9,-1.5,-24.7,1,유가증권시장
2021,넷마블,-4.9,0.3,25.3,-1.5,-0.4,1,유가증권시장
2021,동원산업,2.0,-1.8,-7.9,-1.5,2.6,1,유가증권시장
2021,진양산업,65.4,17.0,4.4,-1.5,-25.1,1,유가증권시장
2021,에어부산,-19.3,-1.3,-4.4,-1.5,1.9,1,유가증권시장
2021,유한양행,-13.6,2.8,-0.8,-1.5,-4.2,1,유가증권시장
2021,한국콜마,-20.9,10.6,-9.8,-1.5,-16.0,1,유가증권시장
2021,덕성,92.4,-2.4,1.4,-1.5,3.6,1,유가증권시장
2021,인디에프,-12.4,-2.9,-7.3,-1.5,4.5,1,유가증권시장
2021,재영솔루텍,12.2,1.8,5.2,-1.6,-2.9,0,코스닥
2021,티엘비,-22.5,-5.3,-0.7,-1.6,8.3,0,코스닥
2021,한국항공우주,25.8,-5.1,12.3,-1.6,8.0,1,유가증권시장
2021,대유에이피,-20.2,4.1,17.2,-1.6,-6.5,0,코스닥
2021,네패스,-9.8,9.3,37.0,-1.6,-14.9,0,코스닥
2021,소니드,-5.8,3.0,52.2,-1.6,-4.8,0,코스닥
2021,제이브이엠,-25.9,0.2,2.5,-1.6,-0.3,0,코스닥
2021,롯데하이마트,-19.3,-5.4,-9.2,-1.6,8.8,1,유가증권시장
2021,일정실업,97.8,1.0,3.3,-1.6,-1.6,1,유가증권시장
2021,부방,-9.3,-5.9,43.3,-1.6,9.7,0,코스닥
2021,한송네오텍,4.4,21.1,72.9,-1.6,-34.4,0,코스닥
2021,현대홈쇼핑,-22.2,3.1,-6.7,-1.6,-5.0,1,유가증권시장
2021,드래곤플라이,63.0,12.0,6.8,-1.6,-19.6,0,코스닥
2021,흥국,33.4,20.9,-1.9,-1.6,-34.1,0,코스닥
2021,한익스프레스,-11.1,53.4,22.6,-1.6,-87.5,1,유가증권시장
2021,조광ILI,-12.0,-2.6,4.8,-1.6,4.3,0,코스닥
2021,에이루트,-27.0,8.4,0.6,-1.7,-13.9,0,코스닥
2021,브이원텍,-15.0,21.4,25.6,-1.7,-35.5,0,코스닥
2021,에스엔유,-12.1,8.1,7.1,-1.7,-13.6,0,코스닥
2021,휴온스글로벌,38.0,6.0,14.6,-1.7,-10.0,0,코스닥
2021,엑시콘,-8.5,-1.0,1.3,-1.7,1.8,0,코스닥
2021,다나와,-14.6,-25.1,-3.6,-1.7,43.6,0,코스닥
2021,케어젠,-7.3,-0.6,2.6,-1.7,1.0,0,코스닥
2021,비츠로테크,-1.5,4.0,2.0,-1.8,-6.9,0,코스닥
2021,SK디스커버리,-29.4,37.3,14.4,-1.8,-65.4,1,유가증권시장
2021,알티캐스트,32.9,-9.0,0.3,-1.8,15.9,0,코스닥
2021,에스피시스템스,64.5,9.1,29.3,-1.8,-16.1,0,코스닥
2021,하나투어,33.2,-9.9,-29.2,-1.8,17.4,1,유가증권시장
2021,KH 건설,-49.1,-0.5,49.2,-1.8,1.0,0,코스닥
2021,빙그레,-6.8,24.6,3.6,-1.8,-43.9,1,유가증권시장
2021,대한광통신,-32.6,7.6,6.0,-1.8,-13.7,0,코스닥
2021,라닉스,10.2,0.3,32.8,-1.8,-0.5,0,코스닥
2021,주연테크,20.9,44.4,-9.5,-1.8,-80.7,1,유가증권시장
2021,KH 필룩스,-31.1,0.4,-0.3,-1.8,-0.7,1,유가증권시장
2021,남선알미늄,-47.1,-12.9,4.6,-1.8,23.6,1,유가증권시장
2021,한일단조,21.4,6.1,-1.0,-1.8,-11.2,0,코스닥
2021,인포바인,26.7,0.3,-1.1,-1.8,-0.6,0,코스닥
2021,유비케어,-21.4,4.5,-10.7,-1.8,-8.3,0,코스닥
2021,삼진엘앤디,-3.3,25.9,18.3,-1.9,-48.0,0,코스닥
2021,성광벤드,9.0,-8.9,0.6,-1.9,16.5,0,코스닥
2021,인스코비,49.8,18.2,13.7,-1.9,-33.7,1,유가증권시장
2021,디와이씨,-22.8,9.5,-4.7,-1.9,-17.8,0,코스닥
2021,동아에스티,-19.2,0.7,12.3,-1.9,-1.2,1,유가증권시장
2021,SK가스,22.0,46.3,9.0,-1.9,-87.2,1,유가증권시장
2021,선진,1.8,33.1,3.9,-1.9,-62.9,1,유가증권시장
2021,한국콜마홀딩스,-24.3,-0.1,-6.2,-1.9,0.2,1,유가증권시장
2021,새로닉스,107.6,20.9,43.7,-1.9,-40.3,0,코스닥
2021,에이팩트,-9.3,-1.9,-13.8,-1.9,3.6,0,코스닥
2021,한샘,-11.4,13.3,2.0,-1.9,-25.8,1,유가증권시장
2021,한국큐빅,5.7,1.0,-6.0,-1.9,-2.0,0,코스닥
2021,한솔제지,-2.5,18.6,5.9,-1.9,-36.2,1,유가증권시장
2021,KCI,-8.2,9.8,5.7,-2.0,-19.0,0,코스닥
2021,유나이티드제약,-28.7,1.4,0.8,-2.0,-2.8,1,유가증권시장
2021,세종메디칼,157.5,5.4,46.5,-2.0,-10.6,0,코스닥
2021,래몽래인,31.0,23.2,86.4,-2.0,-45.7,0,코스닥
2021,사조오양,-5.2,0.4,-4.6,-2.0,-0.8,1,유가증권시장
2021,농심,6.2,0.9,0.8,-2.0,-1.7,1,유가증권시장
2021,고려산업,-40.6,10.6,8.2,-2.0,-21.2,1,유가증권시장
2021,모비스,-8.8,2.8,9.7,-2.0,-5.6,0,코스닥
2021,삼성중공업,-14.7,-1.8,-9.0,-2.0,3.7,1,유가증권시장
2021,기산텔레콤,-0.2,-9.8,0.5,-2.0,19.6,0,코스닥
2021,뉴트리,-11.8,56.8,22.5,-2.0,-113.9,0,코스닥
2021,파버나인,-12.8,-1.9,-4.6,-2.0,3.9,0,코스닥
2021,태영건설,-11.0,12.4,-3.3,-2.0,-24.9,1,유가증권시장
2021,제넨바이오,-56.0,-3.0,1.3,-2.0,6.1,0,코스닥
2021,케어랩스,18.3,13.1,46.9,-2.0,-26.6,0,코스닥
2021,대주산업,-12.8,-0.9,-1.9,-2.0,1.8,0,코스닥
2021,유니켐,-8.8,-1.0,9.0,-2.0,2.1,1,유가증권시장
2021,명신산업,-34.1,62.6,27.2,-2.0,-127.8,1,유가증권시장
2021,화성산업,1.2,0.5,35.3,-2.0,-1.0,1,유가증권시장
2021,블리츠웨이,43.4,36.3,22.3,-2.1,-75.4,0,코스닥
2021,테라사이언스,-9.1,11.8,50.7,-2.1,-24.5,0,코스닥
2021,KD,12.4,-0.9,26.8,-2.1,1.9,0,코스닥
2021,올리패스,-50.1,-2.9,-13.4,-2.1,6.2,0,코스닥
2021,현대리바트,-5.0,2.7,6.5,-2.1,-5.8,1,유가증권시장
2021,풍국주정,-26.7,5.2,-0.4,-2.1,-11.1,0,코스닥
2021,휴온스,-15.2,7.3,-1.6,-2.1,-15.4,0,코스닥
2021,강남제비스코,13.4,35.1,15.8,-2.2,-76.2,1,유가증권시장
2021,CJ 바이오사이언스,-4.9,-1.3,-14.1,-2.2,2.8,0,코스닥
2021,에쎈테크,-10.7,10.7,46.0,-2.2,-23.7,0,코스닥
2021,메타랩스,-12.2,-12.6,6.6,-2.3,28.6,1,유가증권시장
2021,KCC건설,-5.4,26.8,7.2,-2.3,-61.6,0,코스닥
2021,크라운제과,3.4,-0.1,-3.2,-2.3,0.2,1,유가증권시장
2021,바이오로그디바이스,90.8,-4.5,-9.1,-2.3,10.3,0,코스닥
2021,파인디앤씨,49.4,-32.5,21.9,-2.3,75.3,0,코스닥
2021,세종텔레콤,18.4,3.4,-2.1,-2.3,-7.9,0,코스닥
2021,솔루에타,-23.9,-8.5,-11.1,-2.3,19.7,0,코스닥
2021,녹원씨엔아이,8.9,-2.7,-11.4,-2.3,6.4,0,코스닥
2021,미래나노텍,164.4,15.3,6.3,-2.4,-36.1,0,코스닥
2021,삼화페인트,-34.5,13.4,2.4,-2.4,-32.1,1,유가증권시장
2021,특수건설,68.7,18.8,-4.4,-2.4,-45.3,0,코스닥
2021,서원인텍,-11.4,-13.0,0.3,-2.4,31.4,0,코스닥
2021,엠투엔,2.3,7.0,0.9,-2.4,-16.9,0,코스닥
2021,에스에너지,-40.0,-1.3,4.6,-2.4,3.2,0,코스닥
2021,드림씨아이에스,-33.4,5.5,13.6,-2.4,-13.3,0,코스닥
2021,우신시스템,14.9,6.7,-1.2,-2.4,-16.3,1,유가증권시장
2021,에스넷,24.7,0.1,5.4,-2.4,-0.4,0,코스닥
2021,동성케미컬,-3.0,7.8,-1.1,-2.5,-19.2,1,유가증권시장
2021,코아스템,-20.3,2.7,-3.0,-2.5,-6.8,0,코스닥
2021,웰크론,-17.0,22.0,-6.6,-2.5,-54.8,0,코스닥
2021,누리플랜,8.2,-4.7,6.7,-2.5,11.8,0,코스닥
2021,옴니시스템,13.8,-5.9,1.9,-2.5,14.8,0,코스닥
2021,KR모터스,-23.8,10.1,7.8,-2.5,-25.3,1,유가증권시장
2021,케일럼,-46.1,30.9,-31.4,-2.5,-78.0,0,코스닥
2021,옵티팜,-38.1,2.9,6.5,-2.5,-7.5,0,코스닥
2021,코미팜,-36.1,-1.1,-0.8,-2.6,2.8,0,코스닥
2021,율촌화학,32.6,2.9,9.0,-2.6,-7.5,1,유가증권시장
2021,한국맥널티,5.9,6.5,24.1,-2.6,-16.7,0,코스닥
2021,HDC랩스,16.2,6.5,42.0,-2.6,-16.9,1,유가증권시장
2021,DRB동일,-23.7,7.0,5.6,-2.6,-18.6,1,유가증권시장
2021,홈캐스트,55.5,-24.9,-5.0,-2.7,66.2,0,코스닥
2021,SG글로벌,-11.8,-13.7,-4.2,-2.7,37.0,1,유가증권시장
2021,미원화학,31.2,29.7,1.2,-2.7,-80.1,1,유가증권시장
2021,케이티알파,26.3,43.5,30.9,-2.7,-118.3,0,코스닥
2021,아미코젠,-17.3,3.2,31.0,-2.7,-8.7,0,코스닥
2021,창해에탄올,-2.2,-9.0,-5.0,-2.7,24.6,0,코스닥
2021,위메이드플레이,61.3,-0.3,3.0,-2.7,0.8,0,코스닥
2021,원익피앤이,30.5,23.5,65.0,-2.7,-64.3,0,코스닥
2021,웰크론한텍,23.8,47.3,-11.4,-2.7,-129.7,0,코스닥
2021,인바이오젠,-32.1,0.3,80.0,-2.8,-0.7,1,유가증권시장
2021,현대일렉트릭,21.3,-0.2,-1.1,-2.8,0.7,1,유가증권시장
2021,상신전자,-14.2,27.0,2.3,-2.8,-75.4,0,코스닥
2021,STX중공업,22.8,-18.0,-3.6,-2.8,50.9,1,유가증권시장
2021,누보,4.6,26.9,-15.8,-2.8,-76.3,0,코스닥
2021,비아트론,1.4,-6.9,-4.1,-2.9,19.8,0,코스닥
2021,SG,11.3,-2.5,0.4,-2.9,7.2,0,코스닥
2021,제일바이오,-17.4,-4.9,-6.1,-2.9,14.2,0,코스닥
2021,오이솔루션,-37.4,-2.3,-2.9,-2.9,6.7,0,코스닥
2021,SNT에너지,18.5,-19.8,-3.7,-2.9,58.1,1,유가증권시장
2021,에스텍파마,-24.1,-0.7,-1.5,-3.0,2.1,0,코스닥
2021,제이엔케이히터,-29.6,-32.0,6.1,-3.0,94.4,0,코스닥
2021,대성미생물,-11.4,-1.3,-0.5,-3.0,3.8,0,코스닥
2021,앤디포스,-33.4,0.3,14.8,-3.0,-1.0,0,코스닥
2021,와이오엠,28.3,19.4,33.2,-3.0,-58.4,0,코스닥
2021,진바이오텍,-8.9,6.0,-1.0,-3.0,-17.9,0,코스닥
2021,엔텔스,77.1,1.3,5.5,-3.0,-4.0,0,코스닥
2021,한창,-31.4,8.5,14.6,-3.0,-25.5,1,유가증권시장
2021,프로이천,-25.2,27.6,-3.1,-3.0,-83.6,0,코스닥
2021,엔케이맥스,6.9,1.3,-12.0,-3.0,-3.9,0,코스닥
2021,KPX케미칼,-2.4,43.0,15.0,-3.1,-131.3,1,유가증권시장
2021,엑사이엔씨,-8.4,-8.3,12.1,-3.1,25.5,0,코스닥
2021,보성파워텍,75.1,-11.0,-17.2,-3.1,34.0,0,코스닥
2021,종근당,-48.7,4.3,9.1,-3.1,-13.2,1,유가증권시장
2021,동아엘텍,27.0,4.5,0.5,-3.1,-13.9,0,코스닥
2021,지어소프트,34.8,111.9,36.1,-3.1,-348.5,0,코스닥
2021,AP위성,83.1,-4.6,-2.5,-3.1,14.4,0,코스닥
2021,에이디칩스,-1.8,10.9,1.3,-3.2,-34.2,0,코스닥
2021,금호전기,9.1,-5.0,2.9,-3.2,15.6,1,유가증권시장
2021,와이엠티,13.6,6.1,13.3,-3.2,-19.1,0,코스닥
2021,상보,47.0,3.0,-0.9,-3.2,-9.6,0,코스닥
2021,HLB생명과학,-8.5,-11.7,-4.7,-3.2,37.3,0,코스닥
2021,젬백스,-26.8,-3.3,-3.3,-3.2,10.6,0,코스닥
2021,테고사이언스,-28.8,-1.0,2.2,-3.2,3.1,0,코스닥
2021,삼일제약,-19.0,5.9,17.0,-3.2,-18.8,1,유가증권시장
2021,팜젠사이언스,-7.1,9.8,30.6,-3.2,-31.5,1,유가증권시장
2021,오스템,-18.5,-7.2,1.6,-3.2,23.3,0,코스닥
2021,동국제약,-25.5,5.3,6.2,-3.2,-17.2,0,코스닥
2021,유유제약,3.1,11.3,17.1,-3.3,-37.1,1,유가증권시장
2021,유티아이,-12.3,-15.8,0.0,-3.3,51.7,0,코스닥
2021,옵트론텍,-26.4,-2.1,14.6,-3.3,6.9,0,코스닥
2021,캐스텍코리아,0.6,1.4,2.6,-3.3,-4.8,0,코스닥
2021,태양,6.0,4.2,2.6,-3.3,-14.1,0,코스닥
2021,원방테크,-10.8,-6.7,13.9,-3.3,22.3,0,코스닥
2021,솔루스첨단소재,80.2,10.8,16.4,-3.4,-36.5,1,유가증권시장
2021,앤씨앤,-4.4,27.2,-35.8,-3.4,-91.7,0,코스닥
2021,에넥스,117.8,-28.3,-1.1,-3.4,95.5,1,유가증권시장
2021,에이텍,-22.1,-28.7,-3.4,-3.4,97.1,0,코스닥
2021,SUN&L,-1.0,10.0,13.8,-3.4,-34.1,1,유가증권시장
2021,유니온커뮤니티,-8.2,-8.1,-5.2,-3.4,27.8,0,코스닥
2021,아우딘퓨쳐스,-31.5,6.5,-0.2,-3.4,-22.4,0,코스닥
2021,콜마비앤에이치,-40.2,-2.7,-5.7,-3.4,9.4,0,코스닥
2021,한글과컴퓨터,40.8,-1.3,3.8,-3.5,4.6,0,코스닥
2021,신화인터텍,-7.0,-5.1,-1.6,-3.5,17.5,0,코스닥
2021,현대에이치티,17.6,-7.2,-0.7,-3.5,25.0,0,코스닥
2021,코아스,1.8,17.1,15.0,-3.5,-60.0,1,유가증권시장
2021,까뮤이앤씨,-4.8,1.2,7.7,-3.5,-4.1,1,유가증권시장
2021,우리산업홀딩스,14.4,7.3,-0.5,-3.5,-25.7,0,코스닥
2021,라온피플,-18.3,7.5,44.9,-3.5,-26.3,0,코스닥
2021,디지캡,4.6,-7.7,-5.9,-3.5,27.3,0,코스닥
2021,제일파마홀딩스,-24.5,0.1,0.5,-3.5,-0.2,1,유가증권시장
2021,셀레믹스,-43.1,9.2,7.4,-3.5,-32.7,0,코스닥
2021,대양전기공업,-2.9,-20.7,-0.6,-3.6,73.6,0,코스닥
2021,네이처셀,73.7,6.4,-16.6,-3.6,-23.0,0,코스닥
2021,파나진,-11.8,-2.4,-0.4,-3.6,8.8,0,코스닥
2021,디지아이,25.4,-1.7,-1.8,-3.6,6.2,0,코스닥
2021,우양,-22.4,5.0,6.7,-3.6,-18.2,0,코스닥
2021,퓨쳐켐,-25.2,1.0,-17.7,-3.7,-3.6,0,코스닥
2021,플래스크,55.0,-16.4,-9.9,-3.7,60.1,0,코스닥
2021,시공테크,31.9,-7.2,-0.7,-3.7,26.6,0,코스닥
2021,엔에스엔,-24.8,16.1,24.8,-3.7,-60.0,0,코스닥
2021,디케이앤디,-7.9,7.0,63.3,-3.8,-26.2,0,코스닥
2021,한일현대시멘트,12.1,11.1,-6.1,-3.8,-41.9,1,유가증권시장
2021,아이오케이,-10.2,2.4,-21.2,-3.8,-8.9,0,코스닥
2021,신성이엔지,-37.6,-6.6,8.7,-3.8,25.0,1,유가증권시장
2021,이트론,62.0,-1.2,32.6,-3.8,4.5,0,코스닥
2021,휴비스,4.2,18.6,-2.5,-3.8,-71.1,1,유가증권시장
2021,비케이홀딩스,-25.3,-1.5,1.2,-3.9,6.0,0,코스닥
2021,KPX생명과학,-17.6,1.1,5.9,-3.9,-4.2,0,코스닥
2021,필옵틱스,-35.6,13.2,-14.4,-3.9,-51.0,0,코스닥
2021,옵투스제약,-19.0,-2.7,1.5,-3.9,10.5,0,코스닥
2021,파라텍,-55.6,-1.8,2.5,-3.9,6.9,0,코스닥
2021,골든센츄리,23.7,-4.3,2.3,-3.9,16.9,0,코스닥
2021,덕우전자,17.4,13.7,8.2,-4.0,-54.2,0,코스닥
2021,에이에프더블류,-19.9,-5.5,-0.2,-4.0,21.7,0,코스닥
2021,부산산업,-10.0,9.6,6.8,-4.0,-38.2,1,유가증권시장
2021,알엔투테크놀로지,-21.0,2.5,19.7,-4.0,-9.8,0,코스닥
2021,신테카바이오,-22.2,-0.7,82.7,-4.0,2.6,0,코스닥
2021,비보존 헬스케어,-48.1,5.7,-11.6,-4.0,-22.9,0,코스닥
2021,아바텍,133.4,3.3,0.8,-4.1,-13.6,0,코스닥
2021,세하,-10.6,7.9,-2.3,-4.1,-32.3,1,유가증권시장
2021,인바이오,-49.2,-1.5,8.6,-4.2,6.4,0,코스닥
2021,마니커에프앤지,-31.1,-8.5,-5.1,-4.2,35.9,0,코스닥
2021,코텍,11.0,8.2,11.7,-4.2,-34.5,0,코스닥
2021,SBW생명과학,67.9,-6.8,39.9,-4.3,29.0,0,코스닥
2021,아모텍,-31.4,-5.8,-4.1,-4.3,25.1,0,코스닥
2021,한신공영,-6.3,-14.2,19.0,-4.3,61.5,1,유가증권시장
2021,셀트리온헬스케어,-49.8,4.7,0.1,-4.3,-20.6,0,코스닥
2021,에스엠코어,-2.9,-29.8,1.0,-4.4,129.8,0,코스닥
2021,종근당홀딩스,-40.0,5.4,8.7,-4.4,-23.5,1,유가증권시장
2021,코드네이처,-6.1,-0.5,-1.6,-4.4,2.3,0,코스닥
2021,지더블유바이텍,-3.1,0.2,-23.0,-4.5,-0.9,0,코스닥
2021,진로발효,-0.2,-12.4,4.0,-4.5,55.4,0,코스닥
2021,삼성제약,-18.6,3.7,-21.6,-4.5,-16.8,1,유가증권시장
2021,화승인더,-14.4,4.7,13.7,-4.6,-21.2,1,유가증권시장
2021,아이티엠반도체,-25.1,27.8,41.2,-4.6,-127.5,0,코스닥
2021,코콤,-1.2,-17.4,2.8,-4.6,79.9,0,코스닥
2021,미투온,25.0,-9.6,-1.7,-4.6,44.6,0,코스닥
2021,엔에스,-6.9,-21.3,14.9,-4.7,99.7,0,코스닥
2021,라이온켐텍,9.9,13.0,-0.9,-4.7,-60.7,0,코스닥
2021,제일전기공업,-31.4,-3.1,3.7,-4.7,14.5,0,코스닥
2021,에코캡,242.2,11.0,4.9,-4.8,-52.4,0,코스닥
2021,큐렉소,18.2,7.2,29.3,-4.8,-34.4,0,코스닥
2021,화승엔터프라이즈,18.7,2.0,14.1,-4.8,-9.5,1,유가증권시장
2021,대륙제관,8.9,14.0,0.2,-4.8,-67.3,0,코스닥
2021,이노테라피,-26.9,-0.5,100.0,-4.8,2.5,0,코스닥
2021,강스템바이오텍,-53.3,4.0,4.0,-4.9,-19.2,0,코스닥
2021,인콘,-48.9,5.4,-3.5,-4.9,-26.8,0,코스닥
2021,코스나인,-43.6,-12.1,-32.5,-4.9,59.9,0,코스닥
2021,삼화전자,2.7,7.7,14.6,-5.0,-38.1,1,유가증권시장
2021,디바이스이엔지,-41.6,-0.7,-1.2,-5.0,3.5,0,코스닥
2021,샘표,-13.0,7.8,10.3,-5.0,-39.5,1,유가증권시장
2021,동일고무벨트,-23.6,12.4,10.5,-5.0,-62.8,1,유가증권시장
2021,크리스탈신소재,-21.6,-8.8,-5.2,-5.0,44.6,0,코스닥
2021,삼양통상,-7.5,-1.1,1.4,-5.0,5.3,1,유가증권시장
2021,다원시스,49.1,7.8,3.2,-5.1,-39.3,0,코스닥
2021,한국팩키지,-31.3,-0.3,83.5,-5.1,1.7,0,코스닥
2021,HDC현대산업개발,-12.3,-5.0,5.0,-5.1,25.6,1,유가증권시장
2021,인지디스플레,-12.5,4.5,8.5,-5.1,-23.0,0,코스닥
2021,제룡전기,-1.3,6.4,8.2,-5.1,-33.1,0,코스닥
2021,JW생명과학,-33.3,-6.4,2.8,-5.1,32.9,1,유가증권시장
2021,타이거일렉,39.3,9.9,-0.5,-5.2,-51.7,0,코스닥
2021,영화금속,-29.8,28.4,13.6,-5.2,-147.9,1,유가증권시장
2021,디에스앤엘,0.0,1.7,-19.4,-5.2,-8.7,0,코스닥
2021,삼정펄프,0.3,-3.5,0.6,-5.2,18.5,1,유가증권시장
2021,알리코제약,-17.6,13.9,6.5,-5.3,-73.3,0,코스닥
2021,국일제지,-21.8,-3.6,12.0,-5.3,19.1,0,코스닥
2021,국제약품,-36.4,-7.3,-2.7,-5.3,38.8,1,유가증권시장
2021,비투엔,0.4,4.1,-15.0,-5.3,-21.5,0,코스닥
2021,엔젠바이오,-47.9,9.5,3.9,-5.3,-50.5,0,코스닥
2021,핸즈코퍼레이션,-40.1,-1.2,12.3,-5.3,6.6,1,유가증권시장
2021,아이스크림에듀,-14.7,13.1,-3.3,-5.4,-70.0,0,코스닥
2021,삼양식품,-6.1,-1.2,26.7,-5.4,6.3,1,유가증권시장
2021,씨앤지하이테크,0.0,-21.0,59.2,-5.4,114.0,0,코스닥
2021,젠큐릭스,8.5,2.3,22.2,-5.4,-12.5,0,코스닥
2021,골드퍼시픽,-10.1,5.0,17.8,-5.5,-27.4,0,코스닥
2021,다이나믹디자인,-12.0,-15.9,-8.3,-5.5,86.9,1,유가증권시장
2021,탑코미디어,213.2,9.4,95.2,-5.5,-51.9,0,코스닥
2021,레드로버,0.0,-17.1,-24.0,-5.6,95.4,0,코스닥
2021,현대바이오,-13.5,-3.5,-23.9,-5.6,19.5,0,코스닥
2021,대성엘텍,-4.0,25.0,14.3,-5.6,-139.7,0,코스닥
2021,세진티에스,-16.1,-12.8,-0.7,-5.6,71.8,0,코스닥
2021,HLB,-24.9,1.9,11.7,-5.6,-10.9,0,코스닥
2021,인트론바이오,-24.4,-16.0,36.7,-5.6,90.3,0,코스닥
2021,범양건영,34.1,-20.5,22.7,-5.7,116.6,1,유가증권시장
2021,다산네트웍스,-46.1,14.1,2.2,-5.7,-80.7,0,코스닥
2021,제이준코스메틱,-41.2,-11.4,-9.5,-5.7,64.9,1,유가증권시장
2021,CBI,88.6,18.2,49.9,-5.7,-103.9,0,코스닥
2021,제일약품,-45.9,2.3,5.4,-5.7,-13.1,1,유가증권시장
2021,액트로,-26.8,-39.4,-1.7,-5.7,226.0,0,코스닥
2021,하이소닉,0.0,-13.0,-44.0,-5.8,75.0,0,코스닥
2021,한국조선해양,-12.8,2.3,8.1,-5.8,-13.5,1,유가증권시장
2021,휴맥스,-9.3,-21.0,-15.4,-5.8,121.7,0,코스닥
2021,퀀타매트릭스,-51.8,-1.9,2.0,-5.8,10.8,0,코스닥
2021,서울식품,40.4,-8.4,-0.2,-5.9,49.1,1,유가증권시장
2021,컴투스,-0.7,4.7,35.6,-5.9,-27.8,0,코스닥
2021,하이즈항공,-9.9,8.1,13.2,-5.9,-47.7,0,코스닥
2021,유니테스트,9.0,-4.5,4.9,-5.9,26.3,0,코스닥
2021,메디콕스,-38.2,1.5,-12.6,-5.9,-8.8,0,코스닥
2021,소프트캠프,-13.7,7.8,58.3,-6.0,-46.5,0,코스닥
2021,경보제약,-34.3,-17.6,-2.3,-6.0,106.4,1,유가증권시장
2021,한솔테크닉스,-23.1,50.0,33.5,-6.2,-310.5,1,유가증권시장
2021,한성기업,-22.6,-7.5,5.2,-6.2,46.4,1,유가증권시장
2021,전진바이오팜,-50.7,-3.5,35.4,-6.2,21.7,0,코스닥
2021,상지카일룸,-7.0,0.3,-25.2,-6.2,-1.6,0,코스닥
2021,지엔원에너지,12.8,-14.6,3.8,-6.3,92.0,0,코스닥
2021,부스타,5.2,-2.5,0.5,-6.3,16.0,0,코스닥
2021,아바코,19.2,-9.8,17.8,-6.3,61.7,0,코스닥
2021,조아제약,-24.5,-9.5,7.9,-6.3,60.0,0,코스닥
2021,모나리자,-22.9,-11.8,-1.5,-6.5,75.9,1,유가증권시장
2021,이화공영,11.1,48.3,16.0,-6.5,-312.3,0,코스닥
2021,이즈미디어,135.4,49.5,35.3,-6.5,-321.7,0,코스닥
2021,아이큐어,-31.6,-13.3,18.6,-6.5,86.6,0,코스닥
2021,EDGC,-33.5,-2.0,23.5,-6.5,13.3,0,코스닥
2021,삼천당제약,-47.2,0.1,10.8,-6.6,-0.9,0,코스닥
2021,솔트룩스,-4.2,7.9,30.6,-6.6,-52.3,0,코스닥
2021,네오리진,-36.6,97.7,73.9,-6.6,-644.3,0,코스닥
2021,진원생명과학,14.9,-2.1,4.4,-6.6,13.6,1,유가증권시장
2021,포스코 ICT,-15.4,-13.9,-3.9,-6.7,92.3,0,코스닥
2021,국영지앤엠,-33.6,-13.4,1.6,-6.7,89.3,0,코스닥
2021,종근당바이오,-47.7,6.2,7.9,-6.7,-41.8,1,유가증권시장
2021,자비스,-18.9,12.1,-4.6,-6.7,-81.5,0,코스닥
2021,참좋은여행,37.6,-7.8,1.7,-6.7,52.8,0,코스닥
2021,에쓰씨엔지니어링,-53.2,4.7,33.5,-6.8,-32.1,1,유가증권시장
2021,대원화성,129.9,3.5,8.5,-6.8,-23.7,1,유가증권시장
2021,일승,8.7,17.5,55.4,-6.8,-118.6,0,코스닥
2021,고바이오랩,-52.5,-2.9,19.7,-6.8,19.8,0,코스닥
2021,깨끗한나라,-5.0,-2.3,4.1,-6.9,15.8,1,유가증권시장
2021,동양철관,14.7,5.3,23.5,-6.9,-37.1,1,유가증권시장
2021,예스티,55.6,3.8,17.9,-7.0,-26.6,0,코스닥
2021,네온테크,40.5,17.4,8.7,-7.0,-122.0,0,코스닥
2021,코디,-17.0,-5.6,-5.6,-7.0,39.2,0,코스닥
2021,우진아이엔에스,-11.8,-42.1,-1.7,-7.0,295.7,1,유가증권시장
2021,압타바이오,46.3,-0.2,-0.2,-7.0,1.1,0,코스닥
2021,대양제지,3.2,-36.3,-6.6,-7.0,255.7,0,코스닥
2021,현대미포조선,45.8,2.6,12.3,-7.1,-18.7,1,유가증권시장
2021,씨에스베어링,-46.2,-6.2,3.4,-7.1,44.1,0,코스닥
2021,켄코아에어로스페이스,62.3,25.7,32.1,-7.1,-182.0,0,코스닥
2021,우리산업,-13.4,-1.9,-2.0,-7.1,13.6,0,코스닥
2021,샘표식품,-14.9,11.1,13.4,-7.2,-79.5,1,유가증권시장
2021,블루베리 NFT,12.8,19.4,85.5,-7.2,-140.1,0,코스닥
2021,씨티케이,58.6,-4.5,-3.0,-7.2,32.2,0,코스닥
2021,HJ중공업,9.8,0.5,3.6,-7.3,-3.6,1,유가증권시장
2021,대명소노시즌,2.5,5.0,0.2,-7.3,-36.6,0,코스닥
2021,코오롱티슈진,0.0,0.6,-2.7,-7.3,-4.5,0,코스닥
2021,시디즈,10.5,25.5,-24.7,-7.4,-187.8,1,유가증권시장
2021,KB오토시스,-10.1,-1.2,6.1,-7.5,8.6,0,코스닥
2021,이엘피,36.8,-3.5,9.9,-7.5,26.1,0,코스닥
2021,선도전기,19.1,-1.6,2.5,-7.5,12.1,1,유가증권시장
2021,영진약품,-34.2,-6.6,8.3,-7.6,50.0,1,유가증권시장
2021,프로스테믹스,-37.4,19.6,0.9,-7.6,-149.9,0,코스닥
2021,포인트엔지니어링,19.2,-10.3,-4.3,-7.6,78.4,0,코스닥
2021,위닉스,-13.9,5.2,14.4,-7.7,-39.7,0,코스닥
2021,나노브릭,-7.3,-7.4,56.9,-7.7,57.3,0,코스닥
2021,푸드나무,30.6,111.4,8.3,-7.7,-863.2,0,코스닥
2021,에스폴리텍,-33.7,-20.6,-16.4,-7.8,159.7,0,코스닥
2021,엘티씨,-6.1,-9.9,-1.5,-7.8,77.5,0,코스닥
2021,에프엔에스테크,5.7,-22.9,-11.8,-7.8,179.1,0,코스닥
2021,지놈앤컴퍼니,-56.4,0.2,14.9,-7.8,-1.9,0,코스닥
2021,에이프로,-6.6,16.9,34.0,-8.0,-135.0,0,코스닥
2021,동양이엔피,1.4,17.7,2.7,-8.0,-142.0,0,코스닥
2021,알테오젠,-36.8,-0.8,17.5,-8.0,6.5,0,코스닥
2021,GKL,-21.3,-14.0,-10.5,-8.0,112.9,1,유가증권시장
2021,에스맥,-45.0,-23.6,-0.3,-8.1,191.0,0,코스닥
2021,비비씨,-23.4,-0.9,-2.9,-8.1,7.1,0,코스닥
2021,경남제약,-45.2,-5.0,-13.0,-8.1,40.5,0,코스닥
2021,네오위즈,60.8,-5.9,4.6,-8.2,48.3,0,코스닥
2021,유틸렉스,-40.6,-1.9,-5.1,-8.2,15.3,0,코스닥
2021,오리엔탈정공,49.4,-29.3,-2.8,-8.2,241.8,0,코스닥
2021,HSD엔진,-0.7,-31.9,7.9,-8.3,264.0,1,유가증권시장
2021,에이치엘사이언스,-20.6,-36.1,-0.7,-8.3,298.8,0,코스닥
2021,이아이디,-7.1,25.3,81.0,-8.3,-210.6,1,유가증권시장
2021,뉴지랩파마,-12.5,-19.7,16.7,-8.4,165.0,0,코스닥
2021,동원개발,5.5,-20.0,8.6,-8.5,169.6,0,코스닥
2021,글로본,-12.2,2.7,74.2,-8.5,-22.7,0,코스닥
2021,바디텍메드,-29.1,8.3,-3.9,-8.6,-71.5,0,코스닥
2021,슈피겐코리아,-33.9,-4.4,-1.5,-8.7,38.5,0,코스닥
2021,미투젠,-11.5,-15.0,-2.5,-8.7,130.9,0,코스닥
2021,이라이콤,-45.0,-22.6,-1.3,-8.8,197.8,0,코스닥
2021,윈팩,13.7,-6.4,5.5,-8.8,56.6,0,코스닥
2021,폴라리스세원,-14.2,34.7,65.7,-8.8,-305.4,0,코스닥
2021,한국카본,-20.1,-9.2,2.4,-9.0,82.4,1,유가증권시장
2021,일동홀딩스,6.9,-0.5,28.6,-9.1,4.6,1,유가증권시장
2021,이엔에프테크놀로지,-28.1,7.6,18.9,-9.1,-69.1,0,코스닥
2021,앱클론,-51.5,0.6,-0.8,-9.1,-5.6,0,코스닥
2021,에이트원,13.3,6.5,32.7,-9.2,-60.0,0,코스닥
2021,에브리봇,85.2,6.3,15.1,-9.2,-58.7,0,코스닥
2021,케이비아이동국실업,16.7,-1.7,0.3,-9.3,15.3,1,유가증권시장
2021,예선테크,-18.5,12.2,0.6,-9.4,-114.8,0,코스닥
2021,한독크린텍,-17.3,-17.3,-0.5,-9.4,162.7,0,코스닥
2021,파멥신,-48.3,0.0,-52.6,-9.5,-0.1,0,코스닥
2021,메디아나,-25.0,-14.0,3.9,-9.6,134.5,0,코스닥
2021,에코마케팅,-44.3,27.0,32.3,-9.6,-260.1,0,코스닥
2021,HB테크놀러지,20.4,-41.0,7.2,-9.7,398.6,0,코스닥
2021,티앤알바이오팹,197.9,-7.4,78.5,-9.8,72.0,0,코스닥
2021,바이브컴퍼니,61.0,32.3,67.2,-9.8,-317.0,0,코스닥
2021,투비소프트,-35.3,-1.4,37.0,-9.9,13.3,0,코스닥
2021,넵튠,4.9,0.4,16.2,-9.9,-4.0,0,코스닥
2021,상상인인더스트리,23.8,55.4,16.3,-9.9,-548.8,0,코스닥
2021,스페코,-49.7,-26.3,-5.8,-9.9,261.1,0,코스닥
2021,서전기전,147.4,-15.9,-4.9,-9.9,158.1,0,코스닥
2021,제닉,68.2,-7.4,-3.3,-9.9,73.9,0,코스닥
2021,선익시스템,213.2,-18.1,4.7,-10.0,181.3,0,코스닥
2021,웨이버스,39.9,-20.1,3.7,-10.1,202.4,0,코스닥
2021,자이글,1.3,3.5,3.6,-10.1,-35.6,0,코스닥
2021,ITX-AI,-49.1,-1.6,-19.2,-10.1,16.2,0,코스닥
2021,삼진,8.7,-0.2,1.8,-10.2,2.3,0,코스닥
2021,일동제약,77.8,-0.3,32.7,-10.3,2.9,1,유가증권시장
2021,바이온,-21.5,-18.7,13.7,-10.3,192.3,0,코스닥
2021,바른손,107.8,18.3,0.9,-10.4,-189.5,0,코스닥
2021,노랑풍선,81.2,-21.4,17.9,-10.5,225.7,0,코스닥
2021,진양화학,0.9,-22.2,-6.2,-10.6,235.4,1,유가증권시장
2021,티에스넥스젠,23.5,-6.8,51.3,-10.6,71.6,0,코스닥
2021,비에이치아이,60.6,-2.2,7.5,-10.6,23.0,0,코스닥
2021,브릿지바이오테라퓨틱스,-2.4,-7.0,-1.1,-10.7,74.6,0,코스닥
2021,미스터블루,-17.4,-27.4,-2.1,-10.9,297.0,0,코스닥
2021,코맥스,1.7,9.9,16.3,-11.0,-108.8,0,코스닥
2021,엔씨소프트,-30.9,-2.6,12.1,-11.0,29.0,1,유가증권시장
2021,아이에스이커머스,-20.9,-8.9,-18.3,-11.0,98.1,0,코스닥
2021,그리티,-11.7,-16.9,5.3,-11.1,188.0,0,코스닥
2021,카페24,-13.9,11.4,19.8,-11.1,-127.0,0,코스닥
2021,네오셈,0.1,-17.9,26.8,-11.2,200.3,0,코스닥
2021,듀오백,-29.2,-15.8,-6.1,-11.4,179.6,0,코스닥
2021,까스텔바작,-1.8,7.1,23.0,-11.4,-81.7,0,코스닥
2021,쎄트렉아이,43.6,-14.7,72.9,-11.5,169.2,0,코스닥
2021,WI,-5.1,-14.8,20.9,-11.6,171.0,0,코스닥
2021,올릭스,-18.5,1.5,43.3,-11.7,-17.8,0,코스닥
2021,솔고바이오,76.9,1.9,2.8,-11.7,-22.4,0,코스닥
2021,이엔드디,-13.1,-20.2,49.3,-11.9,240.9,0,코스닥
2021,코원플레이,2.1,-19.8,-33.2,-12.1,240.3,0,코스닥
2021,플레이위드,39.1,-27.4,-1.2,-12.1,332.0,0,코스닥
2021,룽투코리아,85.1,-18.2,6.8,-12.3,223.1,0,코스닥
2021,메지온,23.5,-2.6,3.1,-12.3,32.1,0,코스닥
2021,에스티큐브,-18.3,-4.4,-9.4,-12.3,53.6,0,코스닥
2021,큐로,-29.1,-22.4,-11.4,-12.4,277.9,1,유가증권시장
2021,테라셈,-45.2,-21.9,6.3,-12.6,276.8,0,코스닥
2021,펄어비스,165.7,-9.5,42.1,-12.7,120.7,0,코스닥
2021,티로보틱스,37.0,-29.3,23.8,-13.3,388.7,0,코스닥
2021,디알젬,-29.4,-28.7,4.0,-14.6,419.1,0,코스닥
2021,나인테크,-1.1,-3.8,15.1,-14.9,56.3,0,코스닥
2021,제놀루션,15.4,-14.9,-11.6,-15.2,226.7,0,코스닥
2021,크린앤사이언스,-34.0,-20.4,-9.4,-15.3,312.7,0,코스닥
2021,피피아이,-37.7,-24.3,3.2,-15.4,374.8,0,코스닥
2021,케이엠더블유,-49.0,-34.1,-7.5,-15.5,527.8,0,코스닥
2021,케이피에스,-35.0,-14.2,8.4,-15.5,220.3,0,코스닥
2021,나노캠텍,-15.3,5.2,31.1,-15.8,-82.5,0,코스닥
2021,엠에프엠코리아,-20.9,23.3,30.2,-15.9,-369.6,0,코스닥
2021,휴럼,-43.0,-19.8,-52.7,-15.9,314.1,0,코스닥
2021,국동,-34.9,-14.6,-17.0,-16.7,244.5,1,유가증권시장
2021,셀리버리,-53.6,5.1,54.1,-17.2,-88.7,0,코스닥
2021,다보링크,-10.7,45.5,12.4,-17.6,-801.0,0,코스닥
2021,툴젠,8.1,2.7,1.5,-17.8,-48.5,0,코스닥
2021,서울제약,-28.3,-18.1,10.8,-18.2,328.5,0,코스닥
2021,대우조선해양,-15.9,-24.6,18.9,-18.5,455.6,1,유가증권시장
2021,아이씨케이,3.3,0.1,38.8,-19.0,-1.3,0,코스닥
2021,제이앤티씨,-34.2,-26.4,7.6,-19.2,505.9,0,코스닥
2021,티라유텍,-4.2,14.2,13.1,-19.8,-281.2,0,코스닥
2021,케이엠,-32.6,-26.0,-1.0,-19.9,518.4,0,코스닥
2021,미코바이오메드,-19.1,-21.7,30.2,-20.3,438.7,0,코스닥
2021,시스웍,-52.4,-1.9,44.3,-21.2,40.9,0,코스닥
2021,에스디생명공학,-32.7,-11.0,25.9,-21.3,233.3,0,코스닥
2021,싸이토젠,43.3,-0.2,79.6,-22.2,5.2,0,코스닥
2021,앱코,-50.5,-34.8,-11.5,-22.2,770.6,0,코스닥
2021,티움바이오,-8.5,-1.2,24.1,-22.7,26.4,0,코스닥
2021,씨이랩,43.1,-45.4,-16.1,-22.7,1031.8,0,코스닥
2021,녹십자엠에스,-53.9,-11.1,9.7,-23.1,255.7,0,코스닥
2021,피에이치씨,-39.2,14.6,-4.0,-23.2,-339.9,0,코스닥
2021,액션스퀘어,276.4,-0.9,24.0,-23.6,21.9,0,코스닥
2021,톱텍,-24.6,-33.3,3.8,-24.9,829.5,0,코스닥
